Player,Pos,Age,Tm,G,GS,MP,FG,FGA,FG%,3P,3PA,3P%,2P,2PA,2P%,eFG%,FT,FTA,FT%,ORB,DRB,TRB,AST,STL,BLK,TOV,PF,PTS
Precious Achiuwa,C-PF,24,TOT,37,0,16.2,2.8,5.8,.479,0.4,1.4,.264,2.4,4.3,.550,.512,0.7,1.2,.587,2.0,3.2,5.2,1.3,0.5,0.5,1.0,1.6,6.6
Precious Achiuwa,C,24,TOR,25,0,17.5,3.1,6.8,.459,0.5,1.9,.277,2.6,4.9,.528,.497,1.0,1.7,.571,2.0,3.4,5.4,1.8,0.6,0.5,1.2,1.6,7.7
Precious Achiuwa,PF,24,NYK,12,0,13.7,2.0,3.6,.558,0.1,0.5,.167,1.9,3.1,.622,.570,0.3,0.3,.750,2.0,2.6,4.6,0.4,0.3,0.6,0.8,1.5,4.3
Bam Adebayo,C,26,MIA,34,34,35.1,7.8,15.6,.498,0.0,0.3,.091,7.8,15.3,.507,.499,5.7,7.4,.780,2.3,8.3,10.6,4.4,1.1,1.0,2.5,2.6,21.4
Ochai Agbaji,SG,23,UTA,45,10,20.1,2.2,5.1,.435,1.0,3.0,.331,1.2,2.2,.577,.530,0.3,0.4,.750,0.8,1.8,2.5,0.9,0.6,0.6,0.7,1.4,5.8
Santi Aldama,PF,23,MEM,33,7,23.2,3.9,9.0,.432,1.5,4.5,.333,2.4,4.4,.534,.517,1.0,1.7,.618,1.2,4.4,5.5,1.8,0.7,0.8,1.1,1.6,10.3
Nickeil Alexander-Walker,SG,25,MIN,44,14,22.7,2.4,5.6,.429,1.4,3.8,.370,1.0,1.9,.549,.553,0.4,0.6,.704,0.4,1.4,1.8,2.5,0.9,0.6,1.0,1.8,6.6
Grayson Allen,SG,28,PHO,39,39,33.4,4.6,9.1,.510,2.8,5.7,.493,1.8,3.4,.538,.664,1.7,1.8,.903,0.8,3.4,4.2,3.0,0.9,0.6,1.4,2.1,13.7
Jarrett Allen,C,25,CLE,37,37,30.3,6.2,9.3,.661,0.0,0.0,.000,6.2,9.3,.663,.661,2.6,3.5,.750,3.5,6.8,10.3,3.0,0.9,1.1,1.8,2.4,14.9
Jose Alvarado,PG,25,NOP,27,0,16.0,2.4,5.9,.413,1.3,3.4,.396,1.1,2.6,.435,.525,0.7,1.1,.645,0.4,1.7,2.1,1.8,0.9,0.4,0.8,1.4,7.0
Kyle Anderson,PF,30,MIN,44,2,22.6,2.5,5.3,.466,0.1,0.7,.172,2.4,4.7,.507,.476,1.4,2.0,.698,0.7,2.9,3.5,4.0,0.8,0.6,1.3,1.6,6.4
Giannis Antetokounmpo,PF,29,MIL,42,42,35.2,11.6,19.2,.605,0.4,1.8,.240,11.2,17.5,.643,.616,7.5,11.3,.669,2.7,9.0,11.7,6.2,1.3,1.1,3.6,2.9,31.3
Thanasis Antetokounmpo,PF,31,MIL,18,0,4.1,0.4,0.8,.500,0.0,0.0,,0.4,0.8,.500,.500,0.0,0.0,,0.2,0.2,0.4,0.5,0.1,0.2,0.4,0.8,0.8
Cole Anthony,PG,23,ORL,43,0,24.2,4.4,10.2,.432,1.2,3.6,.331,3.2,6.7,.486,.490,3.0,3.5,.836,1.0,3.1,4.2,3.2,0.8,0.5,1.9,2.6,13.0
OG Anunoby,SF,26,TOT,39,39,34.3,5.6,11.4,.493,2.1,5.5,.380,3.6,6.0,.597,.584,1.6,1.9,.803,1.0,3.3,4.3,2.3,1.2,0.7,1.5,2.4,14.9
OG Anunoby,SF,26,TOR,27,27,33.3,5.8,11.9,.489,2.3,6.0,.374,3.6,5.9,.608,.584,1.2,1.7,.717,0.9,3.0,3.9,2.7,1.0,0.5,1.6,2.3,15.1
OG Anunoby,SF,26,NYK,12,12,36.5,5.3,10.4,.504,1.7,4.2,.400,3.6,6.3,.573,.584,2.3,2.5,.933,1.3,3.9,5.2,1.3,1.4,1.3,1.4,2.5,14.5
Ryan Arcidiacono,PG,29,NYK,16,0,2.3,0.0,0.3,.000,0.0,0.3,.000,0.0,0.0,,.000,0.0,0.0,,0.0,0.4,0.4,0.3,0.1,0.0,0.0,0.3,0.0
Deni Avdija,SF,23,WAS,43,43,27.5,4.6,9.3,.500,1.0,2.7,.368,3.6,6.5,.555,.554,2.2,2.9,.768,1.0,5.2,6.2,3.9,0.9,0.4,1.7,2.5,12.5
Deandre Ayton,C,25,POR,28,28,31.4,5.8,10.8,.535,0.0,0.0,,5.8,10.8,.535,.535,1.1,1.4,.775,3.3,7.2,10.5,1.6,1.0,0.7,2.0,2.4,12.7
Udoka Azubuike,C,24,PHO,11,0,8.3,1.4,1.7,.789,0.0,0.0,,1.4,1.7,.789,.789,0.3,0.8,.333,0.8,1.5,2.3,0.3,0.0,0.5,0.4,1.5,3.0
Ibou Badji,C,21,POR,12,1,13.6,0.8,1.3,.600,0.0,0.0,,0.8,1.3,.600,.600,0.3,0.5,.500,1.5,2.2,3.7,0.7,0.2,1.4,0.8,2.7,1.8
Marvin Bagley III,C,24,TOT,30,12,19.9,4.6,7.8,.588,0.1,0.3,.222,4.5,7.5,.603,.592,2.0,2.7,.744,2.3,3.1,5.4,1.1,0.3,0.6,1.2,1.8,11.2
Marvin Bagley III,C,24,DET,26,10,18.4,4.1,7.0,.591,0.0,0.2,.167,4.1,6.7,.606,.594,1.9,2.3,.820,1.8,2.8,4.5,1.0,0.2,0.5,1.1,1.5,10.2
Marvin Bagley III,C,24,WAS,4,2,29.5,7.5,13.0,.577,0.3,0.8,.333,7.3,12.3,.592,.587,2.8,5.3,.524,6.0,5.3,11.3,1.3,1.0,0.8,1.5,3.5,18.0
Amari Bailey,PG,19,CHO,2,0,5.5,1.0,3.0,.333,0.0,1.0,.000,1.0,2.0,.500,.333,0.5,1.0,.500,1.0,0.0,1.0,0.0,0.0,0.0,0.5,0.0,2.5
Patrick Baldwin Jr.,SF,21,WAS,14,0,7.4,1.0,2.2,.452,0.6,1.2,.529,0.4,1.0,.357,.597,0.5,0.7,.700,0.4,1.7,2.1,0.4,0.1,0.2,0.4,1.2,3.1
LaMelo Ball,PG,22,CHO,21,21,32.8,8.4,19.4,.435,3.2,9.0,.362,5.2,10.4,.498,.518,4.2,4.9,.873,1.4,3.9,5.3,8.0,1.8,0.2,3.8,3.6,24.3
Mo Bamba,C,25,PHI,24,0,9.0,1.6,3.0,.549,0.4,0.8,.556,1.2,2.2,.547,.620,0.6,0.9,.667,1.4,1.7,3.0,0.5,0.4,0.8,0.6,1.2,4.3
Paolo Banchero,PF,21,ORL,44,44,34.8,8.0,17.8,.450,1.4,4.0,.354,6.6,13.8,.478,.490,5.1,7.3,.697,1.2,5.9,7.0,4.8,1.0,0.6,3.2,2.1,22.5
Desmond Bane,SG,25,MEM,37,37,34.5,8.9,18.8,.474,3.3,8.6,.384,5.6,10.2,.551,.563,3.3,3.8,.864,0.9,3.6,4.6,5.3,1.0,0.5,2.7,2.9,24.4
Dalano Banton,PG,24,BOS,20,1,7.2,0.9,2.1,.429,0.1,0.6,.167,0.8,1.5,.533,.452,0.7,0.9,.778,0.6,1.1,1.7,0.6,0.2,0.2,0.5,1.0,2.6
Dominick Barlow,PF,20,SAS,19,1,12.8,1.6,3.6,.456,0.2,0.4,.429,1.5,3.2,.459,.478,0.7,1.2,.591,1.2,2.2,3.4,1.1,0.4,0.5,0.2,1.3,4.1
Harrison Barnes,PF,31,SAC,42,42,29.1,3.7,7.9,.476,1.7,4.4,.399,2.0,3.5,.571,.586,1.9,2.3,.821,0.9,2.0,2.8,1.2,0.7,0.1,0.7,1.3,11.1
Scottie Barnes,SG,22,TOR,44,44,35.2,7.6,15.8,.480,2.0,5.5,.367,5.6,10.3,.540,.543,3.0,4.0,.753,2.3,6.1,8.4,5.7,1.3,1.6,2.7,2.1,20.2
RJ Barrett,SG,23,TOT,38,38,30.7,6.8,14.7,.464,1.6,4.7,.343,5.2,10.1,.521,.519,3.8,4.9,.774,0.8,4.4,5.2,2.7,0.5,0.4,1.8,2.2,19.1
RJ Barrett,SG,23,NYK,26,26,29.5,6.3,14.9,.423,1.7,5.0,.331,4.7,9.9,.469,.478,4.0,4.8,.831,0.7,3.5,4.3,2.4,0.5,0.3,1.8,1.7,18.2
RJ Barrett,SG,23,TOR,12,12,33.4,8.0,14.3,.558,1.5,4.0,.375,6.5,10.3,.629,.610,3.4,5.2,.661,1.0,6.2,7.2,3.4,0.6,0.4,1.7,3.1,20.9
Charles Bassey,C,23,SAS,19,0,10.8,1.5,2.1,.725,0.0,0.1,.000,1.5,2.1,.744,.725,0.3,0.3,.833,1.2,2.8,4.0,1.1,0.4,0.9,0.8,1.6,3.3
Emoni Bates,SF,20,CLE,10,0,7.6,0.6,2.5,.240,0.5,2.0,.250,0.1,0.5,.200,.340,0.1,0.2,.500,0.1,0.9,1.0,0.6,0.1,0.2,0.1,0.5,1.8
Keita Bates-Diop,SF,28,PHO,33,8,15.9,1.7,4.1,.410,0.5,1.7,.281,1.2,2.3,.506,.470,0.8,1.0,.735,0.8,1.8,2.6,0.9,0.6,0.5,0.2,1.0,4.6
Nicolas Batum,PF,35,TOT,31,24,25.0,2.1,4.0,.524,1.3,2.9,.456,0.8,1.1,.706,.690,0.3,0.5,.643,1.3,2.6,3.9,2.4,0.7,0.8,0.6,2.0,5.8
Nicolas Batum,PF,35,LAC,3,0,18.0,1.0,2.7,.375,0.7,2.3,.286,0.3,0.3,1.000,.500,0.0,0.0,,0.0,2.3,2.3,1.7,1.0,1.3,0.3,1.7,2.7
Nicolas Batum,PF,35,PHI,28,24,25.7,2.2,4.1,.534,1.4,3.0,.470,0.8,1.2,.697,.703,0.3,0.5,.643,1.4,2.6,4.0,2.5,0.7,0.8,0.6,2.0,6.1
Bradley Beal,SG,30,PHO,20,20,32.5,7.2,14.0,.513,1.6,4.0,.392,5.6,10.0,.560,.568,2.3,3.0,.763,0.8,3.5,4.3,4.2,0.8,0.4,2.1,2.7,18.1
Malik Beasley,SG,27,MIL,42,42,29.4,4.2,8.6,.488,2.9,6.2,.471,1.3,2.5,.529,.656,0.3,0.4,.750,0.6,3.4,4.0,1.4,0.7,0.1,0.7,2.1,11.6
MarJon Beauchamp,SF,23,MIL,34,1,15.7,1.9,4.0,.474,0.7,1.8,.403,1.1,2.1,.534,.567,0.4,0.6,.600,0.6,1.9,2.5,0.9,0.3,0.2,0.7,1.4,4.9
Jules Bernard,SG,24,WAS,3,0,5.0,0.3,2.7,.125,0.0,2.0,.000,0.3,0.7,.500,.125,0.0,0.0,,0.3,0.0,0.3,0.3,0.0,0.0,0.3,1.0,0.7
Dāvis Bertāns,PF,31,OKC,14,0,6.5,0.7,1.9,.385,0.7,1.7,.417,0.0,0.1,.000,.577,1.0,1.1,.933,0.1,0.6,0.7,0.6,0.2,0.2,0.1,0.7,3.1
Patrick Beverley,PG,35,PHI,39,1,18.5,1.9,4.5,.423,0.7,2.2,.314,1.2,2.3,.528,.500,0.9,1.2,.761,0.7,2.4,3.1,2.6,0.5,0.3,0.8,1.7,5.4
Saddiq Bey,SF,24,ATL,44,32,32.3,4.3,10.5,.413,1.8,5.6,.316,2.6,4.9,.523,.497,2.3,2.7,.825,2.5,4.0,6.4,1.4,1.0,0.1,0.9,1.6,12.7
Goga Bitadze,C,24,ORL,39,31,20.7,2.8,4.6,.615,0.1,0.3,.200,2.8,4.3,.639,.620,1.2,1.7,.676,2.5,3.9,6.4,1.7,0.7,1.6,0.8,2.4,6.9
Onuralp Bitim,SG,24,CHI,1,0,3.0,0.0,0.0,,0.0,0.0,,0.0,0.0,,,0.0,0.0,,0.0,0.0,0.0,0.0,0.0,0.0,0.0,0.0,0.0
Bismack Biyombo,C,31,MEM,30,27,23.9,2.2,4.0,.563,0.0,0.0,,2.2,4.0,.563,.563,0.7,1.5,.478,1.9,4.5,6.4,1.7,0.3,1.1,1.3,2.7,5.2
Anthony Black,PG,20,ORL,41,29,19.2,1.9,3.9,.491,0.5,1.4,.351,1.4,2.5,.567,.553,0.8,1.2,.627,0.5,1.8,2.4,1.7,0.6,0.4,1.0,2.0,5.1
Leaky Black,SF,24,CHO,13,0,5.2,0.7,1.1,.643,0.2,0.4,.600,0.5,0.7,.667,.750,0.2,0.3,.500,0.2,0.7,0.9,0.4,0.2,0.3,0.2,0.2,1.8
Bogdan Bogdanović,SG,31,ATL,42,5,28.3,6.0,14.0,.427,3.1,8.4,.364,2.9,5.5,.522,.537,1.8,2.0,.905,0.5,2.6,3.1,2.6,1.3,0.2,1.1,2.4,16.8
Bojan Bogdanović,PF,34,DET,23,22,33.1,7.2,15.4,.469,3.0,7.3,.417,4.2,8.1,.516,.568,2.7,3.6,.747,0.6,3.0,3.6,2.7,0.9,0.1,2.2,2.3,20.2
Bol Bol,PF,24,PHO,12,0,7.2,1.4,1.9,.739,0.3,0.4,.600,1.2,1.5,.778,.804,0.3,0.4,.800,0.8,1.5,2.3,0.5,0.3,0.5,0.5,0.8,3.4
Marques Bolden,C,25,MIL,2,0,1.5,0.0,0.0,,0.0,0.0,,0.0,0.0,,,0.0,0.0,,0.0,1.0,1.0,0.0,0.0,0.0,0.0,0.5,0.0
Devin Booker,PG,27,PHO,35,35,36.1,9.5,19.1,.494,2.2,5.8,.381,7.3,13.4,.543,.551,6.1,6.9,.881,0.7,4.2,4.9,7.5,0.9,0.3,2.7,3.0,27.2
Brandon Boston Jr.,SF,22,LAC,8,0,7.4,1.6,4.0,.406,0.5,1.8,.286,1.1,2.3,.500,.469,0.8,0.8,1.000,0.4,0.6,1.0,0.5,0.1,0.0,0.4,1.3,4.5
Chris Boucher,PF,31,TOR,41,0,14.2,2.1,4.4,.470,0.7,2.0,.333,1.4,2.4,.580,.544,1.3,1.8,.750,1.2,2.9,4.0,0.4,0.3,0.5,0.5,1.4,6.1
James Bouknight,SG,23,CHO,10,0,6.4,1.4,3.0,.467,1.1,2.2,.500,0.3,0.8,.375,.650,0.1,0.2,.500,0.1,0.8,0.9,0.6,0.0,0.1,0.1,0.2,4.0
Jamaree Bouyea,PG,24,POR,6,0,9.5,0.8,3.5,.238,0.0,1.3,.000,0.8,2.2,.385,.238,0.0,0.0,,0.3,1.3,1.7,1.3,0.0,0.0,1.3,0.5,1.7
Malaki Branham,PG,20,SAS,42,21,21.0,3.4,7.9,.433,1.0,3.1,.308,2.5,4.8,.515,.494,0.6,0.6,.926,0.3,1.7,2.0,2.3,0.4,0.1,1.2,1.3,8.4
Christian Braun,SG,22,DEN,45,0,19.1,2.7,6.0,.454,0.7,1.9,.365,2.0,4.1,.495,.511,1.2,1.7,.718,0.7,2.8,3.6,1.5,0.4,0.4,0.7,1.6,7.4
Mikal Bridges,SF,27,BRK,43,43,34.9,7.6,16.8,.455,2.3,6.2,.363,5.4,10.6,.509,.522,4.2,5.0,.839,0.9,4.3,5.2,3.8,0.9,0.5,2.3,1.6,21.7
Miles Bridges,SF,25,CHO,31,29,37.0,7.9,17.4,.455,2.3,6.5,.355,5.6,10.8,.516,.522,2.7,3.1,.866,0.8,6.4,7.1,2.9,1.1,0.5,2.0,2.0,20.8
Oshae Brissett,SF,25,BOS,26,0,12.1,1.4,3.1,.463,0.4,1.3,.303,1.0,1.8,.574,.525,1.0,1.5,.684,1.2,1.9,3.0,0.7,0.5,0.1,0.3,1.2,4.2
Malcolm Brogdon,PG,31,POR,35,21,28.0,5.5,12.7,.437,2.2,5.1,.422,3.4,7.5,.447,.523,2.4,2.9,.816,0.6,2.9,3.5,5.3,0.7,0.2,1.5,1.4,15.7
Armoni Brooks,PG,25,BRK,10,0,10.4,1.5,4.6,.326,1.1,3.2,.344,0.4,1.4,.286,.446,0.1,0.2,.500,0.7,1.1,1.8,0.5,0.1,0.1,0.3,0.3,4.2
Dillon Brooks,SF,28,HOU,34,34,31.5,5.0,10.9,.463,1.9,4.8,.396,3.1,6.0,.517,.551,1.8,2.1,.833,0.7,2.8,3.5,1.6,1.0,0.1,1.6,3.6,13.7
Bruce Brown,SG-PG,27,TOT,36,33,29.1,4.5,9.4,.481,1.0,3.0,.324,3.5,6.4,.555,.533,1.9,2.3,.821,0.8,3.9,4.6,2.9,1.0,0.3,1.3,2.5,11.9
Bruce Brown,SG,27,IND,33,33,29.7,4.5,9.5,.475,1.0,3.1,.327,3.5,6.5,.545,.527,2.0,2.5,.817,0.8,3.9,4.7,3.0,1.1,0.2,1.2,2.5,12.1
Bruce Brown,PG,27,TOR,3,0,22.7,4.3,7.7,.565,0.7,2.3,.286,3.7,5.3,.688,.609,0.7,0.7,1.000,1.0,3.3,4.3,1.0,0.7,0.3,1.3,3.0,10.0
Charlie Brown Jr.,SG,26,NYK,3,0,1.7,0.3,1.3,.250,0.3,1.0,.333,0.0,0.3,.000,.375,0.0,0.0,,0.0,0.0,0.0,0.0,0.0,0.0,0.7,0.0,1.0
Greg Brown III,PF,22,DAL,6,0,6.7,0.8,1.8,.455,0.2,0.5,.333,0.7,1.3,.500,.500,0.7,1.5,.444,0.5,1.0,1.5,0.7,0.0,0.7,0.7,0.8,2.5
Jaylen Brown,SF,27,BOS,41,41,33.6,8.9,18.0,.493,2.1,6.0,.358,6.7,12.0,.561,.553,3.2,4.4,.718,0.9,4.3,5.2,3.6,1.1,0.6,2.5,2.6,23.1
Kendall Brown,SG,20,IND,3,0,5.7,0.7,1.7,.400,0.0,0.3,.000,0.7,1.3,.500,.400,1.3,2.0,.667,0.7,0.0,0.7,0.3,0.0,0.0,0.0,1.3,2.7
Kobe Brown,PF,24,LAC,26,0,9.7,0.8,2.2,.393,0.4,1.4,.306,0.4,0.8,.550,.491,0.0,0.1,.500,0.2,1.1,1.3,0.6,0.2,0.1,0.2,1.4,2.2
Moses Brown,C,24,POR,9,4,9.1,1.0,2.3,.429,0.0,0.0,,1.0,2.3,.429,.429,0.0,0.4,.000,2.0,3.1,5.1,0.2,0.2,0.3,0.4,1.2,2.0
Troy Brown Jr.,SF,24,MIN,34,3,11.6,1.5,3.3,.442,0.9,2.4,.370,0.6,0.9,.625,.575,0.6,0.6,.864,0.4,1.6,2.0,1.0,0.2,0.1,0.5,0.7,4.4
Jalen Brunson,PG,27,NYK,42,42,35.8,9.4,19.7,.475,2.8,6.7,.423,6.5,13.0,.502,.547,5.1,6.1,.832,0.6,3.3,3.9,6.5,1.0,0.2,2.4,2.1,26.6
Thomas Bryant,C,26,MIA,23,3,10.6,1.8,3.2,.562,0.0,0.1,.000,1.8,3.0,.586,.562,0.7,0.9,.850,1.0,2.1,3.1,0.6,0.3,0.2,0.7,1.1,4.3
Kobe Bufkin,SG,20,ATL,2,0,2.0,0.0,1.5,.000,0.0,0.5,.000,0.0,1.0,.000,.000,0.5,1.0,.500,0.5,0.5,1.0,0.0,0.0,0.0,0.0,0.0,0.5
Reggie Bullock,SF,32,HOU,17,0,9.3,0.8,2.1,.400,0.6,1.5,.385,0.2,0.5,.444,.543,0.1,0.1,1.000,0.1,1.3,1.4,0.5,0.1,0.1,0.2,0.5,2.3
Alec Burks,SG,32,DET,37,0,20.5,3.8,9.7,.391,2.4,5.9,.402,1.4,3.8,.374,.514,2.8,3.1,.895,0.4,1.9,2.3,1.5,0.4,0.2,0.7,1.5,12.7
Jared Butler,SG,23,WAS,17,0,7.5,1.6,2.9,.560,0.6,1.4,.417,1.1,1.5,.692,.660,0.7,0.9,.800,0.0,0.6,0.6,1.8,0.5,0.1,0.6,0.8,4.6
Jimmy Butler,PF,34,MIA,29,29,33.7,6.4,13.4,.481,0.8,2.1,.400,5.6,11.3,.495,.512,7.1,8.1,.881,1.9,3.0,5.0,4.4,1.1,0.3,1.8,1.1,20.9
Jamal Cain,PF,24,MIA,14,1,14.9,2.1,4.7,.439,0.6,1.8,.320,1.5,2.9,.512,.500,1.0,1.4,.737,0.9,1.2,2.1,0.2,0.6,0.3,0.3,1.1,5.7
Kentavious Caldwell-Pope,SG,30,DEN,43,43,32.5,3.6,7.9,.456,1.5,3.8,.396,2.1,4.1,.511,.551,1.5,1.6,.900,0.5,1.9,2.4,2.4,1.5,0.5,1.0,1.9,10.2
Toumani Camara,PF,23,POR,43,29,24.3,2.5,6.1,.407,0.7,2.7,.281,1.7,3.5,.503,.468,1.0,1.4,.689,1.9,3.0,4.9,1.0,1.0,0.5,1.1,2.7,6.7
Clint Capela,C,29,ATL,42,42,25.9,4.6,8.2,.567,0.0,0.0,,4.6,8.2,.567,.567,1.9,2.9,.658,4.7,5.7,10.4,1.0,0.6,1.6,0.9,2.5,11.2
Jevon Carter,PG,28,CHI,43,0,14.1,2.0,5.5,.369,1.2,3.5,.344,0.8,2.0,.412,.479,0.1,0.1,.600,0.1,0.7,0.8,1.2,0.5,0.3,0.5,1.1,5.3
Wendell Carter Jr.,C,24,ORL,18,12,24.8,3.9,7.7,.507,1.1,2.6,.435,2.8,5.1,.543,.580,1.8,2.4,.744,1.8,4.8,6.7,1.6,0.5,0.5,1.2,2.1,10.7
Alex Caruso,SG,29,CHI,38,26,25.7,3.5,7.1,.491,1.8,4.3,.420,1.7,2.9,.596,.616,1.1,1.5,.768,1.0,2.6,3.5,2.6,1.3,0.9,1.3,2.4,9.9
Colin Castleton,C,23,LAL,5,0,6.4,1.2,1.8,.667,0.0,0.0,,1.2,1.8,.667,.667,0.8,0.8,1.000,0.8,1.0,1.8,0.6,0.0,0.0,0.2,1.2,3.2
Malcolm Cazalon,SG,22,DET,1,0,3.0,0.0,0.0,,0.0,0.0,,0.0,0.0,,,0.0,0.0,,0.0,0.0,0.0,0.0,0.0,0.0,0.0,0.0,0.0
Julian Champagnie,SF,22,SAS,37,22,15.6,2.0,4.8,.412,1.4,3.6,.402,0.5,1.2,.444,.562,0.8,0.9,.882,0.4,1.8,2.2,1.0,0.6,0.5,0.7,1.1,6.2
Max Christie,SG,20,LAL,35,6,17.4,1.8,4.5,.404,0.7,2.2,.325,1.1,2.3,.481,.484,0.6,0.8,.786,0.3,2.5,2.7,1.1,0.4,0.3,0.8,1.3,4.9
Sidy Cissoko,SF,19,SAS,5,0,6.4,0.2,1.2,.167,0.0,0.8,.000,0.2,0.4,.500,.167,0.8,0.8,1.000,0.0,1.2,1.2,0.0,0.6,0.0,0.2,0.4,1.2
Jordan Clarkson,SG,31,UTA,35,19,30.1,6.5,15.3,.421,1.8,5.7,.313,4.7,9.7,.484,.479,3.4,3.8,.887,1.1,2.6,3.7,5.0,0.7,0.1,2.9,1.3,18.1
Nic Claxton,C,24,BRK,33,33,29.3,5.4,8.4,.637,0.0,0.1,.500,5.3,8.4,.638,.638,1.6,2.8,.574,3.2,7.2,10.3,1.7,0.7,2.2,1.2,2.5,12.4
Noah Clowney,PF,19,BRK,2,0,13.5,3.0,4.5,.667,0.0,0.5,.000,3.0,4.0,.750,.667,1.0,1.0,1.000,1.5,1.0,2.5,1.0,0.0,0.0,0.5,1.5,7.0
Amir Coffey,SF,26,LAC,30,6,15.7,1.7,3.1,.559,0.7,1.6,.438,1.0,1.5,.689,.672,0.4,0.5,.813,0.4,1.2,1.6,0.6,0.3,0.0,0.4,1.1,4.6
John Collins,PF,26,UTA,41,39,27.5,5.3,10.6,.499,1.3,3.6,.356,4.0,6.9,.574,.560,2.0,2.4,.800,2.0,5.7,7.6,1.0,0.6,0.8,1.5,2.8,13.8
Zach Collins,C,26,SAS,35,24,25.5,4.7,9.8,.484,1.0,3.4,.300,3.7,6.4,.583,.536,1.9,2.5,.764,1.9,3.9,5.7,3.3,0.6,0.7,2.3,3.3,12.5
Mike Conley,PG,36,MIN,41,41,29.2,3.7,8.3,.445,2.3,5.3,.438,1.3,2.9,.458,.587,1.2,1.3,.923,0.4,2.4,2.8,6.4,1.0,0.2,1.1,1.7,10.9
Pat Connaughton,SF,31,MIL,38,0,21.3,1.9,4.4,.443,1.2,3.2,.375,0.8,1.2,.617,.578,0.4,0.5,.737,0.6,2.6,3.2,1.7,0.4,0.2,0.5,1.2,5.4
Bilal Coulibaly,SF,19,WAS,42,1,26.2,3.0,6.5,.469,1.0,2.6,.387,2.0,3.8,.525,.548,1.1,1.8,.649,0.8,3.3,4.1,1.8,0.8,0.8,1.4,2.1,8.2
Ricky Council IV,SG,22,PHI,4,0,2.3,0.0,0.5,.000,0.0,0.3,.000,0.0,0.3,.000,.000,0.3,0.5,.500,0.0,0.0,0.0,0.0,0.0,0.0,0.0,0.3,0.3
Robert Covington,SF-PF,33,TOT,29,6,16.8,1.5,3.4,.439,0.7,1.9,.339,0.8,1.4,.571,.536,0.8,0.9,.846,1.1,2.3,3.3,0.8,1.3,0.6,0.4,1.9,4.4
Robert Covington,PF,33,LAC,3,3,23.0,1.0,3.0,.333,0.7,2.7,.250,0.3,0.3,1.000,.444,0.3,0.7,.500,0.7,2.0,2.7,2.3,2.0,0.7,0.0,2.3,3.0
Robert Covington,SF,33,PHI,26,3,16.1,1.5,3.4,.449,0.7,1.8,.354,0.9,1.6,.561,.545,0.8,0.9,.875,1.1,2.3,3.4,0.7,1.3,0.6,0.4,1.9,4.5
Torrey Craig,SF,33,CHI,27,7,21.2,2.2,5.1,.424,1.1,2.8,.382,1.1,2.3,.476,.529,0.7,0.9,.783,1.9,3.0,4.8,1.0,0.6,0.4,0.6,2.5,6.1
Jae Crowder,PF,33,MIL,13,2,23.3,2.5,5.5,.465,1.7,3.8,.449,0.8,1.7,.500,.620,0.6,1.1,.571,0.4,2.9,3.3,1.3,0.7,0.2,0.6,1.5,7.4
Cade Cunningham,PG,22,DET,36,36,34.5,8.5,19.0,.449,1.9,5.6,.335,6.7,13.4,.496,.498,3.9,4.5,.870,0.4,3.6,4.1,7.3,1.0,0.3,3.8,2.8,22.8
Seth Curry,SG,33,DAL,33,3,12.8,1.5,4.0,.364,0.8,2.2,.378,0.6,1.8,.345,.470,0.4,0.5,.875,0.4,1.0,1.4,0.8,0.5,0.1,0.4,0.9,4.2
Stephen Curry,PG,35,GSW,38,38,33.2,8.4,18.9,.446,4.5,11.3,.401,3.9,7.6,.512,.565,5.3,5.7,.926,0.4,3.7,4.2,5.0,0.8,0.4,3.0,1.9,26.7
Dyson Daniels,PG,20,NOP,44,14,22.2,2.2,5.1,.425,0.6,2.2,.276,1.6,2.9,.539,.485,0.7,1.1,.646,1.0,2.8,3.8,2.7,1.3,0.3,0.9,1.7,5.7
Anthony Davis,C,30,LAL,43,43,35.9,9.4,16.9,.558,0.3,1.1,.304,9.1,15.8,.576,.568,5.7,7.0,.815,3.2,9.0,12.2,3.7,1.2,2.4,2.2,2.5,25.0
Johnny Davis,SG,21,WAS,19,0,7.9,1.1,2.5,.438,0.1,0.2,.333,1.1,2.4,.444,.448,0.2,0.3,.800,0.5,0.6,1.1,0.3,0.4,0.1,0.3,0.6,2.5
JD Davison,SG,21,BOS,2,0,3.0,0.0,0.5,.000,0.0,0.5,.000,0.0,0.0,,.000,1.0,1.0,1.000,0.5,0.5,1.0,0.0,0.0,0.0,0.0,0.0,1.0
Dexter Dennis,SG,24,DAL,4,0,7.5,2.5,4.8,.526,0.3,2.0,.125,2.3,2.8,.818,.553,0.3,0.8,.333,0.3,2.0,2.3,1.0,0.0,0.3,0.8,0.3,5.5
DeMar DeRozan,SF,34,CHI,43,43,37.1,7.7,16.7,.461,1.0,2.9,.339,6.7,13.8,.487,.490,5.5,6.6,.844,0.6,3.5,4.0,5.3,1.1,0.7,1.4,2.2,21.9
Moussa Diabaté,C,22,LAC,10,0,5.8,0.9,1.8,.500,0.0,0.0,,0.9,1.8,.500,.500,0.9,1.2,.750,1.4,0.6,2.0,0.4,0.4,0.0,0.2,0.4,2.7
Mamadi Diakite,PF,27,SAS,3,0,5.3,1.3,1.7,.800,0.0,0.0,,1.3,1.7,.800,.800,1.3,2.0,.667,0.3,0.7,1.0,0.7,0.0,0.3,0.0,0.3,4.0
Hamidou Diallo,SG,25,WAS,2,0,2.5,0.5,1.0,.500,0.0,0.0,,0.5,1.0,.500,.500,0.0,0.0,,1.0,0.0,1.0,0.5,1.0,0.0,0.5,0.5,1.0
Gradey Dick,SG,20,TOR,23,1,12.6,1.1,3.5,.321,0.7,2.4,.291,0.4,1.1,.385,.420,0.7,0.7,1.000,0.3,0.9,1.2,1.0,0.4,0.0,0.7,1.2,3.6
Ousmane Dieng,PF,20,OKC,22,0,11.4,1.5,3.5,.423,0.7,2.4,.308,0.8,1.2,.654,.526,0.5,0.5,.833,0.4,1.5,1.9,0.9,0.1,0.0,0.5,0.7,4.2
Spencer Dinwiddie,PG,30,BRK,41,41,30.5,4.2,10.7,.395,2.0,6.0,.328,2.2,4.7,.482,.487,2.8,3.5,.786,0.6,2.9,3.5,6.0,0.8,0.2,1.5,1.7,13.2
Donte DiVincenzo,SG,27,NYK,44,26,22.3,3.9,8.6,.458,2.6,6.2,.420,1.3,2.4,.558,.610,0.8,1.2,.712,0.7,2.4,3.2,2.1,1.1,0.3,1.1,1.9,11.3
Luka Dončić,PG,24,DAL,37,37,36.9,11.4,23.7,.482,3.9,10.4,.373,7.6,13.4,.566,.563,6.8,8.9,.769,0.8,7.7,8.5,9.3,1.4,0.6,3.9,1.8,33.6
Luguentz Dort,SF,24,OKC,42,42,28.6,3.7,8.2,.455,1.9,4.7,.408,1.8,3.5,.517,.571,1.7,2.1,.809,1.3,2.6,3.9,1.3,0.9,0.8,1.0,3.1,11.0
Ayo Dosunmu,SG,24,CHI,43,6,23.3,3.4,7.0,.482,1.0,2.8,.369,2.3,4.2,.558,.556,0.9,1.2,.800,0.7,1.8,2.5,2.1,0.7,0.4,0.9,1.9,8.8
Andre Drummond,C,30,CHI,45,7,15.9,3.0,5.6,.548,0.0,0.0,.000,3.0,5.5,.552,.548,1.5,2.7,.554,3.3,5.1,8.4,0.6,1.2,0.6,1.1,1.7,7.6
Chris Duarte,SF,26,SAC,34,11,13.5,1.3,3.7,.360,0.6,2.0,.313,0.7,1.7,.414,.444,0.5,0.7,.750,0.4,1.5,1.9,0.9,0.5,0.1,0.6,1.8,3.8
Kris Dunn,PG,29,UTA,37,19,17.6,2.1,4.5,.479,0.5,1.4,.385,1.6,3.1,.522,.539,0.3,0.5,.667,0.7,2.2,2.9,4.2,0.9,0.4,1.2,1.9,5.1
Kevin Durant,PF,35,PHO,37,37,37.1,10.3,19.5,.529,2.3,5.1,.455,8.0,14.5,.555,.588,6.1,7.0,.873,0.5,5.9,6.4,5.7,0.9,1.2,3.1,1.9,29.1
Jalen Duren,C,20,DET,29,28,29.7,6.2,9.8,.636,0.0,0.1,.000,6.2,9.7,.641,.636,1.6,2.2,.692,3.1,8.2,11.3,2.5,0.4,0.9,2.0,3.3,14.0
Tari Eason,PF,22,HOU,22,0,21.8,4.0,8.6,.466,0.8,2.3,.360,3.2,6.3,.504,.513,1.0,1.5,.636,2.1,4.9,7.0,1.2,1.4,0.9,0.9,2.3,9.8
Anthony Edwards,SG,22,MIN,41,41,34.8,8.9,19.2,.461,2.4,6.4,.373,6.5,12.8,.506,.524,5.7,6.7,.844,0.7,4.6,5.3,5.2,1.2,0.5,3.4,1.9,25.8
Kessler Edwards,SF,23,SAC,28,0,4.9,0.6,1.5,.415,0.3,0.9,.360,0.3,0.6,.500,.524,0.1,0.1,.750,0.2,0.6,0.8,0.3,0.1,0.1,0.0,0.4,1.6
Keon Ellis,SG,24,SAC,28,3,12.2,1.3,3.0,.434,0.9,2.4,.382,0.4,0.5,.667,.590,0.4,0.6,.647,0.3,1.0,1.3,1.3,0.5,0.4,0.5,1.4,3.9
Joel Embiid,C,29,PHI,32,32,34.3,12.1,22.4,.539,1.2,3.2,.363,10.9,19.2,.568,.565,10.8,12.2,.887,2.7,8.8,11.6,5.9,1.2,1.9,3.6,2.9,36.1
Drew Eubanks,C,26,PHO,38,2,15.6,2.2,3.7,.597,0.1,0.1,1.000,2.1,3.6,.588,.608,1.1,1.4,.764,1.4,2.7,4.1,0.9,0.3,0.8,1.0,1.7,5.6
Dante Exum,PG,28,DAL,31,14,19.5,3.6,6.4,.574,0.9,2.0,.460,2.7,4.3,.627,.647,1.0,1.4,.738,0.6,2.3,2.9,2.8,0.6,0.2,0.8,1.6,9.2
Bruno Fernando,C,25,ATL,13,0,6.5,1.1,2.1,.519,0.0,0.2,.000,1.1,1.8,.583,.519,0.8,1.5,.526,0.5,1.5,2.0,0.3,0.2,0.4,0.5,0.9,2.9
Dorian Finney-Smith,PF,30,BRK,40,29,28.6,3.3,8.1,.404,2.1,5.4,.378,1.2,2.6,.457,.531,0.3,0.4,.813,1.8,3.0,4.8,1.4,0.7,0.6,0.8,2.3,8.9
Malachi Flynn,PG,25,TOT,38,0,13.3,1.6,3.9,.409,0.8,2.3,.341,0.8,1.6,.508,.510,0.6,0.7,.750,0.3,1.4,1.8,2.0,0.5,0.2,0.9,1.2,4.6
Malachi Flynn,PG,25,TOR,31,0,15.3,1.8,4.4,.409,0.9,2.6,.350,0.9,1.8,.491,.511,0.5,0.7,.773,0.4,1.7,2.1,2.4,0.6,0.2,1.1,1.4,5.1
Malachi Flynn,PG,25,NYK,7,0,4.4,0.7,1.7,.417,0.3,1.1,.250,0.4,0.6,.750,.500,0.6,0.9,.667,0.0,0.4,0.4,0.6,0.1,0.0,0.3,0.4,2.3
Simone Fontecchio,SF,28,UTA,43,27,22.9,3.3,7.1,.456,1.9,4.7,.399,1.4,2.4,.567,.588,0.7,0.9,.789,0.9,2.4,3.3,1.4,0.6,0.4,1.1,1.7,9.1
Jordan Ford,PG,25,SAC,6,0,3.7,0.7,1.2,.571,0.3,0.5,.667,0.3,0.7,.500,.714,0.3,0.3,1.000,0.0,0.3,0.3,0.3,0.0,0.0,0.2,0.0,2.0
Trent Forrest,SG,25,ATL,18,0,10.9,0.8,2.6,.326,0.1,0.3,.333,0.7,2.2,.325,.348,0.4,0.6,.800,0.3,1.2,1.4,1.9,0.4,0.1,0.6,0.9,2.2
Evan Fournier,SG,31,NYK,3,0,13.0,1.3,6.7,.200,0.7,5.0,.133,0.7,1.7,.400,.250,0.7,0.7,1.000,0.0,1.3,1.3,1.0,1.3,0.0,0.3,1.3,4.0
De'Aaron Fox,PG,26,SAC,36,36,35.6,9.8,21.0,.465,3.2,8.1,.390,6.6,12.9,.512,.540,4.8,6.7,.717,0.9,3.3,4.1,5.6,1.6,0.4,2.5,2.5,27.4
Javon Freeman-Liberty,PG,24,TOR,1,0,2.0,1.0,3.0,.333,0.0,0.0,,1.0,3.0,.333,.333,0.0,0.0,,1.0,0.0,1.0,0.0,0.0,0.0,0.0,0.0,2.0
Alex Fudge,SF,20,LAL,4,0,3.5,0.3,1.5,.167,0.0,0.5,.000,0.3,1.0,.250,.167,0.5,0.5,1.000,0.5,0.0,0.5,0.0,0.0,0.0,0.3,0.3,1.0
Markelle Fultz,PG,25,ORL,12,6,24.3,3.9,8.1,.485,0.0,0.3,.000,3.9,7.8,.500,.485,0.4,0.9,.455,1.3,1.8,3.0,3.7,1.2,0.4,1.3,1.8,8.3
Daniel Gafford,C,25,WAS,38,38,26.1,4.3,6.2,.692,0.0,0.0,,4.3,6.2,.692,.692,1.9,2.6,.727,2.6,4.9,7.5,1.6,0.9,2.1,1.1,3.4,10.5
Danilo Gallinari,PF-SF,35,TOT,28,0,14.7,2.2,4.9,.449,0.8,2.4,.333,1.4,2.5,.557,.529,1.9,2.3,.844,0.4,2.4,2.9,1.3,0.2,0.1,0.4,1.0,7.1
Danilo Gallinari,PF,35,WAS,26,0,14.8,2.2,5.0,.435,0.8,2.5,.313,1.4,2.6,.552,.511,1.8,2.2,.839,0.5,2.5,2.9,1.2,0.2,0.1,0.5,1.0,7.0
Danilo Gallinari,SF,35,DET,2,0,13.0,2.0,2.5,.800,1.0,1.0,1.000,1.0,1.5,.667,1.000,3.5,4.0,.875,0.0,2.0,2.0,2.5,0.0,0.0,0.0,1.0,8.5
Darius Garland,PG,24,CLE,20,20,34.0,7.6,16.1,.470,1.8,5.2,.346,5.8,10.9,.530,.526,3.8,4.6,.835,0.6,2.2,2.8,5.9,1.6,0.2,3.8,1.6,20.7
Usman Garuba,PF,21,GSW,2,0,3.0,0.0,0.5,.000,0.0,0.0,,0.0,0.5,.000,.000,0.0,0.0,,0.0,0.0,0.0,0.5,0.5,0.0,0.0,0.5,0.0
Luka Garza,C,25,MIN,9,0,2.6,0.6,1.8,.313,0.0,0.6,.000,0.6,1.2,.455,.313,0.6,0.9,.625,0.4,0.4,0.9,0.2,0.0,0.0,0.2,0.8,1.7
Kaiser Gates,SF,27,NOP,1,0,7.0,0.0,4.0,.000,0.0,2.0,.000,0.0,2.0,.000,.000,0.0,0.0,,0.0,1.0,1.0,0.0,0.0,0.0,0.0,0.0,0.0
Keyonte George,PG,20,UTA,39,16,24.3,3.4,9.2,.367,1.7,5.2,.328,1.7,4.0,.417,.459,2.5,3.0,.814,0.3,2.4,2.8,4.4,0.5,0.1,2.0,1.1,10.9
Paul George,PF,33,LAC,40,40,34.7,8.3,17.8,.468,3.6,8.5,.419,4.8,9.3,.512,.568,3.3,3.7,.911,0.6,4.9,5.6,3.6,1.6,0.4,2.1,2.9,23.5
Taj Gibson,PF,38,NYK,10,0,9.7,0.7,1.4,.500,0.0,0.4,.000,0.7,1.0,.700,.500,0.0,0.0,,0.6,1.2,1.8,0.5,0.1,0.6,0.2,2.0,1.4
Josh Giddey,SG,21,OKC,43,43,24.9,4.8,10.6,.454,0.9,2.8,.336,3.9,7.8,.496,.498,1.2,1.4,.806,1.4,4.8,6.3,4.6,0.7,0.4,2.1,1.3,11.7
Harry Giles,C,25,BRK,12,0,5.6,1.5,3.0,.500,0.1,0.7,.125,1.4,2.3,.607,.514,0.5,0.9,.545,0.8,0.8,1.6,0.3,0.1,0.3,0.3,0.8,3.6
Shai Gilgeous-Alexander,PG,25,OKC,43,43,34.4,11.0,20.0,.546,1.1,3.4,.329,9.8,16.7,.591,.574,8.1,9.1,.890,0.9,4.7,5.6,6.4,2.3,0.8,2.1,2.6,31.1
Anthony Gill,PF,31,WAS,25,0,5.9,0.9,1.8,.489,0.1,0.4,.182,0.8,1.4,.588,.511,0.5,0.6,.750,0.5,0.8,1.4,0.4,0.1,0.2,0.4,0.5,2.3
Collin Gillespie,PG,24,DEN,14,0,6.9,0.8,1.7,.458,0.3,0.9,.308,0.5,0.8,.636,.542,0.3,0.4,.800,0.1,0.3,0.4,0.6,0.4,0.0,0.4,0.9,2.1
Jacob Gilyard,PG,25,MEM,27,10,16.6,1.4,3.4,.402,1.1,2.8,.413,0.2,0.6,.353,.571,0.0,0.0,1.000,0.3,0.8,1.0,3.3,0.6,0.1,0.6,0.9,3.9
Rudy Gobert,C,31,MIN,43,43,33.0,5.0,7.9,.633,0.0,0.0,.000,5.0,7.9,.637,.633,3.3,5.2,.632,3.6,9.0,12.5,1.2,0.6,2.1,1.6,2.9,13.3
Jordan Goodwin,PG,25,PHO,36,0,15.2,2.0,5.2,.380,0.6,2.2,.288,1.3,3.0,.449,.441,0.6,0.8,.852,1.1,2.1,3.2,2.1,0.6,0.2,0.8,1.2,5.2
Aaron Gordon,PF,28,DEN,39,39,32.1,5.4,10.0,.542,0.5,1.8,.282,4.9,8.2,.601,.568,2.2,3.6,.621,2.6,4.0,6.6,3.1,0.8,0.6,1.3,1.8,13.6
Eric Gordon,SG,35,PHO,36,19,30.4,4.6,10.4,.443,2.5,6.6,.376,2.1,3.8,.558,.561,0.8,1.0,.778,0.3,1.8,2.1,2.3,0.9,0.5,1.3,1.3,12.5
Devonte' Graham,PG,28,SAS,10,0,8.8,1.1,2.8,.393,0.7,2.0,.350,0.4,0.8,.500,.518,0.6,0.8,.750,0.2,1.1,1.3,1.9,0.3,0.1,0.3,0.4,3.5
Jerami Grant,PF,29,POR,39,39,34.0,7.5,16.3,.461,2.2,5.4,.412,5.3,10.8,.485,.529,4.4,5.5,.798,0.7,3.0,3.6,2.6,0.7,0.8,2.0,2.2,21.6
A.J. Green,SG,24,MIL,27,0,7.6,1.1,2.6,.429,0.9,2.2,.417,0.2,0.4,.500,.607,0.1,0.1,1.000,0.2,0.6,0.8,0.6,0.0,0.0,0.0,0.9,3.3
Danny Green,SG,36,PHI,2,0,9.0,0.0,1.0,.000,0.0,0.5,.000,0.0,0.5,.000,.000,0.0,0.0,,0.0,1.0,1.0,0.5,0.5,0.0,0.0,0.5,0.0
Draymond Green,PF,33,GSW,17,15,24.9,3.4,6.7,.509,1.2,2.7,.457,2.2,4.0,.544,.601,1.6,1.9,.844,1.4,4.2,5.6,5.5,0.5,0.7,2.4,3.1,9.6
Jalen Green,SG,21,HOU,43,43,30.5,5.9,14.7,.401,2.0,6.4,.319,3.9,8.3,.465,.471,3.5,4.4,.795,0.4,4.1,4.5,3.2,0.6,0.3,2.2,1.3,17.4
Jeff Green,PF,37,HOU,41,2,16.9,2.1,4.1,.521,0.4,1.3,.308,1.8,2.9,.615,.568,1.8,2.2,.824,0.7,1.5,2.1,0.8,0.2,0.5,0.7,1.5,6.5
Josh Green,SG,23,DAL,31,14,26.1,2.9,6.3,.459,1.2,3.2,.380,1.6,3.0,.543,.557,0.6,1.0,.563,0.6,2.5,3.1,2.5,0.7,0.2,1.0,1.8,7.5
AJ Griffin,SF,20,ATL,17,0,7.7,0.8,2.6,.295,0.5,1.9,.273,0.2,0.6,.364,.398,0.1,0.1,1.000,0.1,0.6,0.8,0.2,0.1,0.1,0.4,0.4,2.2
Quentin Grimes,SG,23,NYK,41,18,19.8,2.3,6.0,.387,1.7,4.6,.368,0.6,1.4,.448,.528,0.4,0.5,.714,0.3,1.4,1.7,1.1,0.7,0.1,0.5,1.5,6.8
Mouhamed Gueye,PF,21,ATL,2,0,2.0,0.0,0.5,.000,0.0,0.5,.000,0.0,0.0,,.000,0.0,0.0,,0.0,0.0,0.0,0.0,0.5,0.0,0.0,0.5,0.0
Rui Hachimura,PF,25,LAL,31,7,23.1,4.3,9.0,.475,1.1,3.0,.359,3.2,6.0,.532,.534,1.5,2.0,.762,0.8,2.6,3.5,1.1,0.7,0.3,0.7,1.3,11.1
Tyrese Haliburton,PG,23,IND,34,34,33.4,8.4,16.9,.496,3.4,8.4,.400,5.0,8.5,.590,.595,3.5,4.1,.862,0.6,3.5,4.1,12.6,1.1,0.6,2.5,1.1,23.6
R.J. Hampton,PG,22,MIA,8,2,9.5,0.5,1.8,.286,0.1,1.0,.125,0.4,0.8,.500,.321,0.1,0.3,.500,0.3,0.5,0.8,1.0,0.0,0.0,0.4,1.0,1.3
Tim Hardaway Jr.,SF,31,DAL,41,8,29.8,6.2,14.7,.421,3.3,8.9,.367,2.9,5.8,.504,.532,2.5,2.8,.871,0.3,3.3,3.6,1.7,0.5,0.0,1.0,1.5,18.1
James Harden,PG,34,LAC,37,37,34.2,5.1,11.3,.456,2.8,6.5,.423,2.4,4.8,.500,.578,4.3,4.9,.873,0.3,4.2,4.5,8.5,1.2,0.9,2.6,2.1,17.3
Jaden Hardy,SG,21,DAL,39,4,15.5,2.8,7.4,.381,1.3,3.8,.351,1.5,3.6,.411,.471,0.7,1.1,.683,0.3,1.8,2.1,1.6,0.3,0.1,0.7,1.2,7.7
Ron Harper Jr.,PF,23,TOR,1,0,4.0,0.0,0.0,,0.0,0.0,,0.0,0.0,,,0.0,0.0,,0.0,0.0,0.0,1.0,0.0,0.0,0.0,2.0,0.0
Gary Harris,SG,29,ORL,27,6,22.8,2.4,5.7,.429,1.3,4.0,.333,1.1,1.7,.652,.545,0.9,1.1,.774,0.5,1.2,1.7,1.9,0.9,0.2,0.5,1.7,7.1
Joe Harris,SG,32,DET,15,0,10.5,0.9,2.4,.361,0.7,1.9,.345,0.2,0.5,.429,.500,0.1,0.1,.500,0.2,0.7,0.9,0.7,0.2,0.1,0.3,1.2,2.5
Kevon Harris,SG,26,ORL,1,0,3.0,0.0,0.0,,0.0,0.0,,0.0,0.0,,,0.0,0.0,,0.0,1.0,1.0,0.0,0.0,0.0,1.0,1.0,0.0
Tobias Harris,PF,31,PHI,41,41,34.1,6.7,13.1,.509,1.2,3.5,.359,5.4,9.6,.563,.557,3.1,3.5,.902,1.0,5.0,6.0,3.2,1.0,0.5,1.5,1.7,17.7
Shaquille Harrison,SG,30,MEM,3,0,2.0,0.3,0.7,.500,0.0,0.0,,0.3,0.7,.500,.500,0.0,0.0,,0.0,0.7,0.7,0.0,0.0,0.3,0.0,0.0,0.7
Josh Hart,SF,28,NYK,43,6,28.1,2.8,6.5,.436,0.9,2.8,.319,2.0,3.7,.522,.504,0.7,0.8,.806,1.3,5.2,6.4,2.7,0.8,0.2,1.2,1.9,7.2
Isaiah Hartenstein,C,25,NYK,43,17,25.6,2.6,4.3,.605,0.0,0.1,.333,2.6,4.2,.610,.608,1.4,2.0,.694,3.3,5.2,8.5,2.0,1.2,1.1,1.2,2.9,6.6
Sam Hauser,SF,26,BOS,43,5,21.8,2.8,6.4,.437,2.2,5.5,.403,0.6,0.9,.641,.610,0.3,0.3,.846,0.7,2.9,3.7,1.0,0.4,0.3,0.5,1.4,8.1
Jordan Hawkins,SG,21,NOP,39,10,21.8,3.6,8.7,.415,2.2,5.7,.394,1.4,3.1,.454,.543,1.4,1.7,.836,0.6,2.2,2.8,1.4,0.4,0.1,0.8,1.5,10.9
Jaxson Hayes,C,23,LAL,36,1,9.5,1.2,1.8,.662,0.0,0.1,.000,1.2,1.7,.717,.662,0.4,0.8,.536,0.4,1.2,1.7,0.3,0.2,0.3,0.5,1.8,2.8
Killian Hayes,PG,22,DET,39,29,24.5,2.9,7.0,.412,0.5,1.8,.286,2.4,5.2,.455,.449,0.8,1.3,.660,0.3,2.6,2.8,4.9,0.9,0.5,1.2,1.8,7.1
Gordon Hayward,SF,33,CHO,25,25,31.9,5.6,11.9,.468,0.9,2.4,.361,4.7,9.4,.496,.505,2.5,3.2,.765,1.0,3.7,4.7,4.6,1.1,0.5,2.0,1.8,14.5
Scoot Henderson,PG,19,POR,35,15,27.2,4.5,12.2,.364,1.2,4.0,.291,3.3,8.2,.401,.412,2.3,3.0,.762,0.9,2.1,3.0,4.7,0.6,0.2,3.2,3.1,12.4
Taylor Hendricks,PF,20,UTA,13,0,13.9,1.8,4.5,.397,0.9,2.7,.343,0.8,1.8,.478,.500,0.5,0.6,.750,0.8,1.4,2.2,0.5,0.7,0.5,0.7,0.9,4.9
Tyler Herro,SG,24,MIA,25,25,34.2,8.2,18.7,.438,3.2,8.1,.399,5.0,10.6,.468,.525,2.2,2.6,.848,0.6,5.0,5.6,4.1,1.1,0.1,2.5,1.6,21.9
Buddy Hield,SF,31,IND,44,23,26.1,4.6,10.4,.444,2.8,7.3,.389,1.8,3.2,.571,.580,0.6,0.8,.848,0.7,2.6,3.3,2.6,0.8,0.6,1.3,2.0,12.7
Haywood Highsmith,PF,27,MIA,30,18,21.4,2.1,5.0,.417,1.1,3.0,.371,1.0,2.1,.484,.526,0.6,0.8,.783,0.8,2.1,2.9,1.2,1.1,0.5,0.7,1.9,5.9
Nate Hinton,SG,24,HOU,5,0,5.2,0.8,1.8,.444,0.8,1.0,.800,0.0,0.8,.000,.667,0.0,0.0,,0.4,0.6,1.0,0.2,0.0,0.0,0.2,1.0,2.4
D'Moi Hodge,SG,25,LAL,7,0,5.9,0.7,2.1,.333,0.4,1.7,.250,0.3,0.4,.667,.433,0.1,0.3,.500,0.0,0.0,0.0,0.7,0.1,0.1,0.1,0.6,2.0
Aaron Holiday,PG,27,HOU,41,1,17.1,2.3,5.3,.444,1.2,2.9,.403,1.2,2.4,.495,.556,0.8,0.8,.912,0.2,1.6,1.9,1.6,0.6,0.1,0.7,1.5,6.6
Jrue Holiday,PG,33,BOS,40,40,33.8,5.0,11.0,.456,2.1,4.9,.418,3.0,6.1,.486,.549,1.2,1.4,.821,1.5,4.8,6.2,4.6,0.8,0.8,1.9,1.7,13.2
Justin Holiday,SG,34,DEN,25,6,13.0,1.3,2.7,.493,0.8,1.9,.447,0.5,0.8,.600,.649,0.0,0.0,,0.2,1.0,1.2,1.0,0.6,0.0,0.2,1.1,3.5
Richaun Holmes,C,30,DAL,18,1,9.8,1.4,2.7,.521,0.0,0.0,,1.4,2.7,.521,.521,0.5,1.0,.500,1.6,1.9,3.5,0.5,0.1,0.3,0.6,1.2,3.3
Chet Holmgren,C,21,OKC,44,44,30.2,6.4,11.9,.541,1.6,4.1,.385,4.8,7.8,.625,.608,2.6,3.4,.779,1.5,5.8,7.3,2.8,0.6,2.6,1.7,2.7,17.1
Jalen Hood-Schifino,SG,20,LAL,12,0,7.1,0.7,2.8,.242,0.1,0.8,.111,0.6,2.0,.292,.258,0.6,1.0,.583,0.2,0.7,0.8,0.6,0.3,0.1,0.7,0.8,2.0
Al Horford,C,37,BOS,36,17,27.2,2.9,6.0,.491,1.6,3.9,.415,1.3,2.1,.635,.627,0.3,0.4,.857,1.4,5.5,6.9,2.8,0.5,1.0,0.8,1.6,7.9
Talen Horton-Tucker,PG,23,UTA,31,11,21.5,4.0,9.9,.408,1.2,3.6,.327,2.8,6.2,.456,.469,1.7,2.1,.800,0.4,2.2,2.5,4.1,1.1,0.4,1.6,2.0,10.9
Danuel House Jr.,SF,30,PHI,27,0,13.6,1.2,2.8,.440,0.5,1.4,.359,0.7,1.3,.528,.533,0.8,1.1,.710,0.4,1.1,1.5,0.8,0.3,0.1,0.6,1.1,3.8
Caleb Houstan,SF,21,ORL,35,7,16.0,1.6,4.2,.378,1.4,3.9,.355,0.2,0.3,.700,.544,0.5,0.6,.773,0.6,1.1,1.7,0.7,0.3,0.0,0.4,1.3,5.1
Jett Howard,SF,20,ORL,11,0,3.8,0.6,1.7,.368,0.4,1.3,.286,0.3,0.5,.600,.474,0.2,0.4,.500,0.1,0.4,0.5,0.3,0.0,0.1,0.2,0.1,1.8
Kevin Huerter,SG,25,SAC,40,35,23.9,3.9,8.9,.441,2.0,5.4,.359,2.0,3.4,.569,.551,0.7,0.8,.818,0.5,3.2,3.6,2.6,0.6,0.4,0.6,2.2,10.4
Jay Huff,C,25,DEN,5,0,2.4,0.4,0.8,.500,0.0,0.4,.000,0.4,0.4,1.000,.500,0.0,0.0,,0.0,0.2,0.2,0.2,0.0,0.0,0.2,0.6,0.8
De'Andre Hunter,SF,26,ATL,24,24,30.3,5.1,11.0,.460,1.9,4.8,.404,3.2,6.3,.503,.547,2.8,3.1,.907,0.6,3.5,4.1,1.4,0.8,0.4,1.5,3.0,14.9
Bones Hyland,PG,23,LAC,16,2,14.6,2.6,6.7,.393,1.3,3.4,.364,1.4,3.3,.423,.486,0.6,0.8,.833,0.1,0.8,0.9,1.8,0.5,0.1,1.3,1.4,7.1
Joe Ingles,SF,36,ORL,30,0,18.4,1.7,4.1,.411,1.1,2.6,.410,0.6,1.5,.413,.540,0.6,0.7,.850,0.5,2.2,2.6,3.4,0.8,0.1,1.0,1.6,5.0
Brandon Ingram,SF,26,NOP,40,40,33.1,7.9,16.3,.487,1.4,3.9,.353,6.6,12.4,.529,.529,4.2,5.1,.814,0.6,4.2,4.8,5.7,0.8,0.4,2.4,2.2,21.4
Kyrie Irving,SG,31,DAL,27,27,33.3,9.3,19.6,.472,2.9,7.0,.411,6.4,12.6,.506,.545,3.8,4.2,.895,0.8,4.3,5.1,5.3,1.3,0.4,1.6,1.9,25.2
Jonathan Isaac,PF,26,ORL,26,0,13.5,2.2,4.7,.455,0.6,2.0,.283,1.6,2.7,.586,.516,1.3,1.6,.786,1.1,2.8,3.9,0.4,0.8,1.1,0.5,1.2,6.2
Jaden Ivey,SG,21,DET,40,24,26.5,5.0,11.1,.451,1.3,4.0,.317,3.7,7.1,.528,.509,3.0,4.1,.732,1.3,2.4,3.7,3.7,0.8,0.6,2.3,2.8,14.3
Andre Jackson Jr.,SG,22,MIL,38,8,11.4,1.1,2.0,.545,0.3,0.9,.371,0.8,1.1,.690,.630,0.2,0.2,.889,0.9,1.3,2.2,0.9,0.3,0.1,0.5,1.9,2.8
Gregory Jackson II,PF,19,MEM,12,0,13.5,2.4,5.0,.483,1.3,2.7,.500,1.1,2.3,.464,.617,1.3,1.9,.696,0.8,2.0,2.8,0.5,0.3,0.5,0.6,1.1,7.5
Isaiah Jackson,C,22,IND,34,1,13.6,2.8,4.2,.669,0.0,0.1,.000,2.8,4.1,.679,.669,1.3,1.9,.688,1.5,2.6,4.1,0.9,0.6,1.2,0.7,2.8,6.9
Jaren Jackson Jr.,C,24,MEM,42,42,31.6,7.4,16.4,.451,1.8,5.5,.328,5.6,11.0,.512,.505,5.0,6.1,.831,1.3,4.4,5.6,1.9,1.0,1.6,2.1,3.5,21.6
Reggie Jackson,PG,33,DEN,45,14,23.1,4.6,9.7,.470,1.4,3.6,.378,3.2,6.0,.526,.541,0.9,1.2,.750,0.4,1.7,2.0,4.1,0.6,0.2,1.5,1.8,11.4
Trayce Jackson-Davis,PF,23,GSW,31,3,14.5,2.9,4.3,.682,0.0,0.0,,2.9,4.3,.682,.682,1.1,1.9,.576,1.7,2.6,4.4,1.0,0.4,0.9,0.7,1.7,6.9
LeBron James,PF,39,LAL,40,40,34.3,9.3,17.8,.520,2.2,5.5,.391,7.1,12.3,.577,.580,4.1,5.6,.740,0.9,6.3,7.2,7.4,1.3,0.6,3.4,1.1,24.8
Jaime Jaquez Jr.,SF,22,MIA,39,15,30.2,5.4,10.6,.513,1.1,3.0,.353,4.4,7.6,.576,.563,2.1,2.5,.837,1.3,2.6,3.9,2.7,1.1,0.3,1.7,2.5,14.0
DaQuan Jeffries,SG,26,NYK,10,0,3.0,0.5,1.2,.417,0.1,0.5,.200,0.4,0.7,.571,.458,0.0,0.2,.000,0.0,0.5,0.5,0.2,0.0,0.0,0.1,0.2,1.1
Trey Jemison,C,24,WAS,1,0,1.0,0.0,0.0,,0.0,0.0,,0.0,0.0,,,0.0,0.0,,0.0,0.0,0.0,0.0,0.0,0.0,1.0,0.0,0.0
Ty Jerome,SG,26,CLE,2,0,7.5,1.0,2.0,.500,0.0,0.5,.000,1.0,1.5,.667,.500,0.0,0.0,,0.5,0.0,0.5,1.5,0.0,0.0,0.5,1.0,2.0
Isaiah Joe,SG,24,OKC,44,0,19.2,3.1,6.6,.462,2.1,5.0,.429,0.9,1.7,.562,.623,0.7,0.8,.833,0.4,2.0,2.4,1.2,0.6,0.3,0.6,1.2,9.0
Cameron Johnson,PF,27,BRK,35,35,28.5,5.2,11.5,.453,2.5,6.2,.399,2.7,5.3,.516,.561,1.1,1.6,.714,1.2,3.5,4.6,2.6,0.7,0.2,0.9,1.9,14.0
Jalen Johnson,SF,22,ATL,30,27,32.5,6.0,11.1,.541,1.2,3.2,.365,4.8,7.9,.612,.593,1.9,2.6,.734,1.2,7.0,8.2,3.1,1.3,0.8,2.0,2.4,15.1
James Johnson,PF,36,IND,5,0,4.8,0.4,1.0,.400,0.0,0.2,.000,0.4,0.8,.500,.400,0.0,0.0,,0.2,0.6,0.8,1.0,0.8,0.0,0.4,0.8,0.8
Keldon Johnson,SF,24,SAS,42,26,30.7,6.0,13.4,.448,1.8,5.3,.339,4.2,8.1,.519,.515,2.9,3.7,.781,1.2,4.4,5.7,3.4,0.8,0.2,1.7,2.4,16.7
Keon Johnson,SG,21,BRK,1,0,21.0,3.0,8.0,.375,2.0,4.0,.500,1.0,4.0,.250,.500,4.0,4.0,1.000,0.0,1.0,1.0,1.0,1.0,1.0,1.0,1.0,12.0
Keyontae Johnson,SF,23,OKC,4,0,8.3,0.5,2.0,.250,0.0,0.3,.000,0.5,1.8,.286,.250,0.0,0.0,,0.5,0.5,1.0,1.0,0.0,0.0,0.8,0.5,1.0
Nikola Jokić,C,28,DEN,44,44,33.6,10.2,17.3,.590,1.0,2.9,.362,9.2,14.5,.635,.620,4.7,5.7,.825,3.0,9.0,12.0,9.1,1.1,0.9,2.8,2.6,26.2
Colby Jones,SG,21,SAC,15,0,7.3,1.1,2.8,.381,0.1,0.9,.077,1.0,1.9,.517,.393,0.1,0.2,.667,0.6,0.8,1.4,0.6,0.3,0.1,0.3,1.0,2.3
Damian Jones,C,28,CLE,19,0,5.9,0.7,1.3,.560,0.1,0.3,.333,0.6,1.0,.632,.600,0.3,0.3,.833,0.2,0.7,0.9,0.3,0.2,0.2,0.3,0.6,1.8
Derrick Jones Jr.,SF,26,DAL,42,41,26.0,3.8,7.8,.485,1.4,4.0,.349,2.4,3.8,.629,.575,1.3,1.8,.737,1.2,2.5,3.7,1.0,0.8,0.9,1.0,1.9,10.3
Herbert Jones,SF,25,NOP,41,41,28.7,3.9,7.8,.492,1.3,3.4,.396,2.5,4.4,.566,.578,1.9,2.2,.856,1.1,2.5,3.7,2.5,1.2,1.0,1.2,2.8,10.9
Tre Jones,PG,24,SAS,39,10,25.3,3.7,7.5,.498,0.6,2.2,.264,3.2,5.3,.597,.538,1.4,1.5,.898,0.7,2.5,3.2,5.5,0.9,0.1,1.4,1.3,9.4
Tyus Jones,PG,27,WAS,43,43,28.3,5.2,10.2,.507,1.6,3.7,.416,3.6,6.4,.560,.583,0.5,0.7,.733,0.3,2.5,2.9,6.0,1.2,0.3,0.8,0.7,12.4
DeAndre Jordan,C,35,DEN,21,1,12.5,1.8,2.8,.655,0.0,0.0,,1.8,2.8,.655,.655,1.0,2.2,.435,1.7,3.2,4.9,0.9,0.2,0.5,0.9,1.9,4.6
Cory Joseph,PG,32,GSW,22,0,11.1,0.7,2.3,.314,0.4,1.5,.242,0.4,0.8,.444,.392,0.2,0.3,.571,0.2,0.8,1.0,1.7,0.2,0.1,0.5,0.9,2.0
Nikola Jović,PF,20,MIA,17,12,18.2,2.1,5.2,.409,1.1,2.5,.419,1.1,2.6,.400,.511,0.6,1.2,.550,0.9,3.8,4.6,2.1,0.4,0.4,1.0,2.2,5.9
Johnny Juzang,SG,22,UTA,1,0,4.0,0.0,2.0,.000,0.0,2.0,.000,0.0,0.0,,.000,0.0,0.0,,0.0,0.0,0.0,1.0,0.0,0.0,0.0,0.0,0.0
Luke Kennard,SG,27,MEM,20,8,24.4,3.5,8.0,.431,2.6,6.1,.426,0.9,1.9,.447,.594,0.9,1.0,.895,0.4,2.7,3.1,3.0,0.5,0.1,0.9,1.0,10.4
Walker Kessler,C,22,UTA,37,13,24.0,3.8,5.8,.648,0.1,0.4,.250,3.7,5.4,.680,.657,0.8,1.6,.483,2.6,5.1,7.6,0.8,0.5,2.7,1.0,2.1,8.5
Braxton Key,SF,26,DEN,13,0,3.4,0.4,1.1,.357,0.1,0.3,.250,0.3,0.8,.400,.393,0.3,0.4,.800,0.2,0.6,0.8,0.6,0.2,0.0,0.1,0.3,1.2
Corey Kispert,SF,24,WAS,42,1,21.6,4.0,8.4,.479,1.9,5.2,.369,2.1,3.2,.657,.593,1.5,1.9,.775,0.3,1.9,2.2,1.5,0.3,0.2,1.0,1.5,11.4
Maxi Kleber,C,32,DAL,10,2,19.0,1.2,3.4,.353,0.5,2.0,.250,0.7,1.4,.500,.426,0.9,1.3,.692,0.8,2.6,3.4,1.8,0.2,0.7,0.9,2.3,3.8
Kevin Knox,SF,24,DET,26,9,18.6,3.0,6.3,.470,1.2,3.3,.353,1.8,3.0,.595,.561,0.7,0.7,.895,0.6,1.9,2.5,0.7,0.4,0.3,0.6,1.6,7.7
John Konchar,SF,27,MEM,35,6,17.5,1.3,3.3,.386,0.6,2.0,.290,0.7,1.3,.533,.474,0.3,0.3,.750,1.1,2.9,4.0,1.6,0.7,0.9,0.5,1.1,3.3
Furkan Korkmaz,SG,26,PHI,27,0,6.9,0.6,1.7,.362,0.2,0.8,.273,0.4,0.9,.440,.426,0.3,0.4,.700,0.0,0.5,0.6,0.5,0.4,0.0,0.3,0.4,1.7
Luke Kornet,C,28,BOS,31,2,14.9,2.1,3.0,.691,0.0,0.0,,2.1,3.0,.691,.691,0.7,0.8,.875,1.8,2.0,3.8,0.9,0.4,1.0,0.5,1.4,4.9
Jonathan Kuminga,PF,21,GSW,40,15,23.3,5.2,9.9,.526,0.8,2.5,.307,4.5,7.4,.601,.565,2.7,3.8,.709,1.1,3.3,4.4,1.5,0.6,0.4,1.4,2.1,13.9
Kyle Kuzma,PF,28,WAS,43,43,31.3,8.4,18.5,.455,2.3,6.7,.344,6.1,11.8,.519,.518,2.6,3.2,.791,1.0,5.5,6.6,4.4,0.4,0.6,2.7,2.1,21.7
Jock Landale,C,28,HOU,25,0,9.1,0.8,2.2,.382,0.1,0.7,.118,0.8,1.5,.500,.400,0.4,0.6,.733,1.1,0.8,1.9,0.5,0.2,0.4,0.4,0.9,2.2
Jake LaRavia,PF,22,MEM,11,0,11.1,1.5,3.9,.372,0.5,2.2,.208,1.0,1.7,.579,.430,0.3,0.4,.750,0.6,0.8,1.5,0.5,0.1,0.1,0.4,1.7,3.6
Zach LaVine,SG,28,CHI,25,23,34.9,6.8,15.0,.452,2.4,6.8,.349,4.4,8.3,.536,.531,3.5,4.1,.854,0.3,4.8,5.2,3.9,0.8,0.3,2.1,2.3,19.5
A.J. Lawson,SG,23,DAL,20,0,9.7,1.6,3.5,.464,0.6,1.8,.343,1.0,1.7,.588,.551,0.6,0.8,.733,0.5,0.9,1.3,0.6,0.5,0.1,0.5,0.7,4.4
Saben Lee,PG,24,PHO,11,0,6.8,0.8,1.9,.429,0.0,0.5,.000,0.8,1.5,.563,.429,1.2,1.5,.765,0.5,0.6,1.1,1.1,0.3,0.3,0.5,0.5,2.8
Alex Len,C,30,SAC,17,0,8.8,1.1,1.7,.621,0.0,0.1,.000,1.1,1.6,.667,.621,0.2,0.6,.400,1.4,1.9,3.3,1.1,0.2,0.5,0.6,1.1,2.4
Kawhi Leonard,SF,32,LAC,38,38,34.7,8.8,16.9,.522,2.2,5.1,.443,6.6,11.9,.555,.588,3.8,4.3,.879,1.1,5.1,6.2,3.8,1.7,0.8,1.6,1.6,23.7
Caris LeVert,SG,29,CLE,32,1,28.8,5.7,13.5,.422,1.9,5.6,.344,3.8,7.8,.478,.494,2.4,3.3,.743,0.5,3.1,3.6,4.1,1.0,0.4,1.6,1.6,15.8
Kira Lewis Jr.,PG,22,NOP,15,0,9.6,1.1,3.5,.308,0.1,1.3,.100,0.9,2.1,.438,.327,0.7,0.7,.909,0.3,0.7,0.9,1.2,0.3,0.1,0.5,0.5,2.9
Maxwell Lewis,SF,21,LAL,15,0,4.1,0.1,0.7,.200,0.1,0.2,.333,0.1,0.5,.143,.250,0.0,0.0,,0.1,0.1,0.2,0.2,0.1,0.0,0.3,0.1,0.3
E.J. Liddell,PF,23,NOP,6,0,2.8,0.2,0.8,.200,0.0,0.7,.000,0.2,0.2,1.000,.200,0.3,0.3,1.000,0.0,0.5,0.5,0.2,0.0,0.3,0.3,0.3,0.7
Damian Lillard,PG,33,MIL,41,41,35.2,7.4,17.5,.426,3.0,8.6,.347,4.4,8.8,.503,.512,7.5,8.1,.922,0.5,3.8,4.3,6.8,1.1,0.1,2.4,1.6,25.3
Nassir Little,SF,23,PHO,26,2,14.3,1.8,3.7,.484,0.6,2.0,.308,1.2,1.7,.698,.568,0.7,0.8,.850,0.5,1.8,2.3,0.6,0.4,0.3,0.5,1.2,4.8
Dereck Lively II,C,19,DAL,33,32,25.3,4.0,5.4,.742,0.0,0.1,.000,4.0,5.3,.750,.742,0.8,1.3,.568,2.9,4.8,7.7,1.3,0.6,1.4,1.2,2.9,8.8
Isaiah Livers,PF,25,DET,23,6,20.4,1.7,5.0,.345,1.0,3.3,.286,0.8,1.7,.462,.440,0.5,0.8,.667,0.7,1.4,2.1,1.1,0.6,0.2,0.7,1.9,5.0
Chris Livingston,SF,20,MIL,12,0,4.8,0.6,1.0,.583,0.1,0.1,1.000,0.5,0.9,.545,.625,0.2,0.2,1.000,0.2,0.8,1.0,0.3,0.2,0.0,0.3,0.4,1.4
Kenneth Lofton Jr.,PF,21,TOT,16,0,6.4,0.9,2.4,.359,0.2,0.6,.300,0.7,1.8,.379,.397,0.5,0.9,.533,0.1,0.9,1.1,0.9,0.2,0.2,0.5,0.9,2.4
Kenneth Lofton Jr.,PF,21,MEM,15,0,6.6,0.9,2.5,.378,0.2,0.7,.300,0.7,1.8,.407,.419,0.5,1.0,.533,0.1,0.9,1.0,0.9,0.2,0.2,0.4,1.0,2.6
Kenneth Lofton Jr.,PF,21,PHI,1,0,4.0,0.0,2.0,.000,0.0,0.0,,0.0,2.0,.000,.000,0.0,0.0,,0.0,2.0,2.0,0.0,0.0,0.0,2.0,0.0,0.0
Kevon Looney,C,27,GSW,41,35,20.2,2.3,3.8,.617,0.0,0.0,,2.3,3.8,.617,.617,0.9,1.3,.704,2.6,4.5,7.1,2.4,0.5,0.3,0.7,2.5,5.6
Brook Lopez,C,35,MIL,44,44,31.6,4.9,9.9,.490,1.6,4.8,.330,3.3,5.1,.640,.570,1.5,1.8,.815,1.6,3.9,5.5,1.7,0.6,2.9,0.9,2.7,12.8
Robin Lopez,C,35,MIL,12,0,2.8,0.3,0.6,.429,0.2,0.4,.400,0.1,0.2,.500,.571,0.2,0.2,1.000,0.1,0.2,0.3,0.3,0.0,0.1,0.1,0.3,0.8
Kevin Love,PF,35,MIA,34,5,18.3,3.0,6.9,.438,1.6,4.7,.340,1.4,2.2,.649,.554,1.9,2.5,.774,1.1,5.3,6.5,2.4,0.4,0.1,0.8,1.9,9.5
Kyle Lowry,PG,37,MIA,37,35,28.0,2.8,6.5,.426,1.7,4.4,.385,1.1,2.2,.506,.554,0.9,1.1,.833,0.7,2.8,3.5,4.0,1.1,0.4,1.4,2.5,8.2
Seth Lundy,SF,23,ATL,9,0,5.8,0.4,1.9,.235,0.3,1.4,.231,0.1,0.4,.250,.324,0.3,0.4,.750,0.1,0.7,0.8,0.0,0.0,0.0,0.1,0.7,1.6
Trey Lyles,PF,28,SAC,28,0,20.3,2.4,5.4,.447,1.5,4.0,.387,0.9,1.4,.615,.590,0.7,1.1,.625,1.0,3.9,4.9,1.3,0.1,0.3,0.6,1.6,7.0
Théo Maledon,PG,22,CHO,13,1,15.4,1.5,5.1,.288,0.4,2.3,.167,1.1,2.8,.389,.326,0.8,0.9,.917,0.3,1.5,1.8,2.2,0.5,0.0,1.2,1.4,4.2
Sandro Mamukelashvili,C,24,SAS,25,0,7.0,1.0,2.4,.407,0.3,1.3,.250,0.6,1.1,.593,.475,0.5,0.6,.750,0.6,1.4,2.0,1.0,0.2,0.3,0.3,0.8,2.7
Terance Mann,SG,27,LAC,36,32,25.1,2.9,6.4,.450,0.9,3.1,.304,1.9,3.3,.588,.524,0.8,1.1,.750,1.2,2.0,3.2,1.8,0.6,0.3,0.7,1.9,7.6
Tre Mann,PG,22,OKC,13,0,9.2,1.5,3.1,.500,0.6,1.5,.421,0.9,1.6,.571,.600,0.1,0.1,1.000,0.3,1.5,1.8,1.5,0.2,0.0,0.7,0.2,3.8
Boban Marjanović,C,35,HOU,7,0,5.3,1.0,2.6,.389,0.0,0.3,.000,1.0,2.3,.438,.389,0.0,0.3,.000,0.7,1.4,2.1,0.6,0.0,0.1,0.0,0.6,2.0
Lauri Markkanen,PF,26,UTA,35,35,32.5,7.9,16.0,.490,3.1,7.9,.390,4.8,8.1,.588,.586,4.8,5.5,.876,2.4,6.3,8.7,1.8,0.9,0.6,1.1,1.8,23.6
Naji Marshall,SF,26,NOP,35,1,18.5,2.7,5.9,.454,0.9,2.3,.390,1.7,3.5,.496,.532,1.5,1.8,.825,1.1,2.5,3.6,2.0,0.7,0.2,1.1,1.5,7.7
Caleb Martin,SF,28,MIA,27,12,26.8,4.0,8.9,.454,1.2,3.0,.402,2.8,5.9,.481,.523,1.4,1.8,.755,1.2,3.6,4.8,2.3,0.8,0.3,1.3,2.0,10.7
Cody Martin,SF,28,CHO,12,6,25.9,2.5,7.1,.353,0.9,3.1,.297,1.6,4.0,.396,.418,0.8,1.3,.563,1.1,2.1,3.2,2.5,1.5,0.9,1.1,1.8,6.7
KJ Martin,SF,23,TOT,28,0,7.0,0.8,1.8,.469,0.0,0.3,.125,0.8,1.5,.537,.480,0.2,0.4,.500,0.2,0.6,0.8,0.5,0.4,0.0,0.2,1.0,1.9
KJ Martin,SF,23,LAC,2,0,15.5,2.0,5.0,.400,0.5,2.5,.200,1.5,2.5,.600,.450,0.5,1.0,.500,0.5,1.0,1.5,0.5,1.0,0.5,1.0,1.5,5.0
KJ Martin,SF,23,PHI,26,0,6.3,0.7,1.5,.487,0.0,0.1,.000,0.7,1.4,.528,.487,0.2,0.3,.500,0.2,0.5,0.7,0.5,0.3,0.0,0.2,1.0,1.6
Garrison Mathews,SG,27,ATL,30,3,13.0,1.2,2.7,.457,1.1,2.5,.447,0.1,0.2,.600,.667,0.1,0.2,.286,0.2,1.0,1.2,0.5,0.3,0.1,0.5,1.6,3.7
Bennedict Mathurin,SF,21,IND,44,14,25.5,5.0,10.9,.455,1.3,3.5,.361,3.7,7.4,.500,.514,3.0,3.6,.828,1.0,2.7,3.7,2.0,0.5,0.2,1.6,2.0,14.2
Wesley Matthews,SG,37,ATL,19,1,11.2,0.5,2.1,.256,0.3,1.6,.200,0.2,0.5,.444,.333,0.7,1.0,.737,0.2,1.2,1.4,0.6,0.5,0.2,0.3,1.4,2.1
Tyrese Maxey,PG,23,PHI,41,41,37.7,8.9,19.7,.449,3.1,8.2,.379,5.7,11.5,.499,.528,4.9,5.7,.860,0.6,3.1,3.7,6.7,1.0,0.5,1.6,2.1,25.8
Skylar Mays,PG-SG,26,TOT,24,5,15.9,2.5,6.2,.399,0.7,2.1,.314,1.8,4.0,.443,.453,0.5,0.7,.765,0.4,1.2,1.6,3.3,0.7,0.1,0.8,1.0,6.1
Skylar Mays,PG,26,POR,21,5,17.0,2.5,6.6,.384,0.7,2.3,.286,1.9,4.2,.438,.435,0.6,0.8,.765,0.4,1.3,1.8,3.6,0.7,0.1,0.9,1.0,6.3
Skylar Mays,SG,26,LAL,3,0,8.7,2.0,3.3,.600,0.7,0.7,1.000,1.3,2.7,.500,.700,0.0,0.0,,0.3,0.3,0.7,1.3,0.7,0.0,0.0,1.0,4.7
Miles McBride,PG,23,NYK,31,2,9.5,1.6,3.5,.455,1.0,2.2,.441,0.6,1.4,.476,.591,0.3,0.3,.800,0.1,0.6,0.7,0.9,0.4,0.1,0.3,1.0,4.5
CJ McCollum,PG,32,NOP,30,30,32.0,7.1,15.0,.473,3.6,8.0,.448,3.5,7.0,.502,.593,2.1,2.6,.785,0.6,3.7,4.3,5.0,1.2,0.8,1.5,2.1,19.9
T.J. McConnell,PG,31,IND,36,3,16.8,3.6,6.8,.529,0.1,0.5,.118,3.5,6.3,.559,.533,0.9,1.2,.750,0.5,2.1,2.6,5.4,1.0,0.1,1.5,1.0,8.1
Jaden McDaniels,SF,23,MIN,34,33,28.6,4.5,8.8,.515,1.3,3.4,.377,3.3,5.4,.600,.587,0.7,0.9,.750,0.6,2.0,2.6,1.3,0.9,0.5,1.2,3.1,11.0
Jalen McDaniels,SF,26,TOR,27,0,9.1,1.1,3.3,.337,0.3,1.6,.182,0.8,1.7,.489,.382,0.5,0.7,.700,0.3,1.0,1.2,0.5,0.4,0.1,0.3,0.9,3.0
Doug McDermott,SF,32,SAS,39,0,15.5,2.1,4.7,.449,1.7,3.8,.449,0.4,1.0,.447,.627,0.3,0.4,.667,0.2,0.9,1.1,1.3,0.3,0.1,0.6,1.1,6.2
JaVale McGee,C,36,SAC,33,0,8.2,1.9,3.0,.636,0.0,0.1,.000,1.9,2.9,.656,.636,0.8,1.2,.625,1.0,2.0,3.0,0.4,0.2,0.6,0.9,1.2,4.6
Bryce McGowens,SG,21,CHO,34,10,16.8,1.8,4.0,.444,0.7,1.9,.379,1.0,2.0,.507,.537,0.8,1.1,.730,0.4,1.4,1.7,0.9,0.3,0.1,0.6,1.4,5.1
Jordan McLaughlin,PG,27,MIN,23,0,8.8,0.9,2.3,.389,0.5,1.3,.367,0.4,1.0,.417,.491,0.1,0.3,.500,0.3,0.7,1.0,1.8,0.7,0.2,0.3,0.4,2.4
De'Anthony Melton,SG,25,PHI,33,33,29.1,3.9,9.9,.393,2.1,5.8,.363,1.8,4.1,.437,.500,1.9,2.3,.827,0.8,3.2,4.0,3.2,1.6,0.5,1.2,2.4,11.8
Nathan Mensah,C,25,CHO,18,0,14.1,0.6,1.3,.435,0.0,0.0,,0.6,1.3,.435,.435,0.5,0.7,.750,1.4,1.8,3.2,0.4,0.2,0.6,0.7,3.0,1.6
Sam Merrill,SG,27,CLE,27,0,16.6,3.0,6.9,.428,2.6,6.0,.432,0.4,0.9,.400,.615,0.4,0.4,.909,0.5,1.7,2.2,1.7,0.3,0.0,0.4,1.3,8.9
Chimezie Metu,C,26,PHO,33,5,13.0,1.9,3.8,.512,0.5,1.5,.294,1.5,2.2,.662,.572,1.2,1.3,.884,0.7,2.5,3.2,0.5,0.5,0.3,0.7,1.2,5.5
Vasilije Micić,PG,30,OKC,24,0,11.9,1.3,3.0,.411,0.4,1.5,.250,0.9,1.5,.568,.473,0.4,0.5,.769,0.0,0.7,0.7,2.5,0.4,0.1,0.8,0.9,3.3
Khris Middleton,SF,32,MIL,38,38,25.9,5.7,11.6,.489,1.7,4.5,.374,4.0,7.1,.561,.561,1.9,2.3,.831,0.6,3.6,4.2,4.9,0.9,0.3,2.1,2.3,15.0
Brandon Miller,SF,21,CHO,36,30,30.7,5.6,12.9,.436,2.2,5.6,.388,3.4,7.3,.473,.521,1.7,2.1,.813,0.9,3.1,4.0,2.3,0.7,0.5,1.6,2.6,15.1
Jordan Miller,SF,24,LAC,4,0,4.0,0.8,1.3,.600,0.3,0.3,1.000,0.5,1.0,.500,.700,0.0,0.0,,0.5,0.3,0.8,0.0,0.0,0.0,0.3,0.5,1.8
Leonard Miller,SF,20,MIN,5,0,3.8,1.2,1.8,.667,0.2,0.6,.333,1.0,1.2,.833,.722,0.0,0.0,,0.0,1.8,1.8,0.2,0.2,0.2,0.2,0.6,2.6
Dariq Whitehead,SF,19,BRK,2,0,12.0,0.5,2.5,.200,0.0,1.5,.000,0.5,1.0,.500,.200,0.5,1.0,.500,0.0,2.0,2.0,1.5,0.0,0.5,0.0,0.0,1.5
Patty Mills,PG,35,ATL,13,0,11.8,1.4,3.2,.429,1.0,2.1,.481,0.4,1.2,.333,.583,0.0,0.0,,0.2,0.8,1.0,0.9,0.5,0.1,0.5,1.2,3.8
Shake Milton,SG,27,MIN,35,0,13.3,1.7,4.3,.396,0.4,1.5,.250,1.3,2.8,.474,.440,1.0,1.3,.818,0.2,1.2,1.4,1.4,0.5,0.1,0.8,1.2,4.8
Justin Minaya,SF,24,POR,11,0,8.5,0.5,1.5,.353,0.3,0.9,.300,0.3,0.6,.429,.441,0.3,0.5,.500,0.5,0.5,1.0,0.4,0.3,0.4,0.2,0.7,1.6
Josh Minott,SF,21,MIN,15,0,3.1,0.5,1.2,.444,0.0,0.3,.000,0.5,0.9,.615,.444,0.7,0.8,.833,0.1,0.1,0.2,0.2,0.1,0.2,0.1,0.4,1.7
Davion Mitchell,PG,25,SAC,32,3,12.4,1.3,3.7,.361,0.4,1.8,.237,0.9,1.9,.483,.420,0.4,0.5,.750,0.2,0.8,0.9,1.8,0.2,0.1,0.5,1.1,3.5
Donovan Mitchell,SG,27,CLE,33,33,35.5,9.6,20.9,.460,3.1,8.9,.342,6.6,12.0,.548,.533,5.3,6.1,.870,1.0,4.4,5.4,6.2,1.9,0.4,2.8,2.2,27.6
Evan Mobley,PF,22,CLE,21,21,33.6,6.8,11.8,.573,0.1,0.5,.200,6.7,11.3,.588,.577,2.4,3.1,.769,2.7,7.8,10.5,2.9,0.8,1.7,2.3,2.9,16.0
Isaiah Mobley,PF,24,CLE,3,0,4.7,0.7,1.3,.500,0.3,0.7,.500,0.3,0.7,.500,.625,0.0,0.0,,0.0,0.7,0.7,1.3,0.3,0.0,0.3,0.7,1.7
Malik Monk,SG,25,SAC,41,0,26.0,5.1,11.7,.436,2.5,6.4,.391,2.6,5.3,.491,.543,2.4,2.9,.822,0.4,2.2,2.6,5.5,0.6,0.7,2.1,2.0,15.0
Moses Moody,SG,21,GSW,34,4,18.0,3.1,6.5,.482,1.1,3.1,.358,2.0,3.4,.595,.568,1.3,1.7,.789,1.1,2.0,3.1,0.8,0.7,0.3,0.7,1.4,8.7
Xavier Moon,SG,29,LAC,2,0,6.0,0.5,1.0,.500,0.0,0.5,.000,0.5,0.5,1.000,.500,0.0,0.0,,0.0,1.0,1.0,1.5,0.0,0.0,0.5,0.5,1.0
Taze Moore,SG,25,POR,1,0,4.0,1.0,2.0,.500,0.0,1.0,.000,1.0,1.0,1.000,.500,0.0,0.0,,0.0,0.0,0.0,0.0,1.0,0.0,0.0,1.0,2.0
Wendell Moore Jr.,SG,22,MIN,11,0,2.8,0.3,0.5,.600,0.0,0.2,.000,0.3,0.3,1.000,.600,0.0,0.0,,0.0,0.3,0.3,0.1,0.4,0.1,0.2,0.3,0.5
Ja Morant,PG,24,MEM,9,9,35.3,8.9,18.9,.471,1.6,5.7,.275,7.3,13.2,.555,.512,5.8,7.1,.813,0.7,4.9,5.6,8.1,0.8,0.6,3.0,2.1,25.1
Marcus Morris,PF,34,PHI,33,5,16.3,2.2,5.1,.443,1.0,2.3,.416,1.3,2.7,.467,.539,0.8,1.0,.844,0.5,2.3,2.9,0.7,0.3,0.3,0.4,1.7,6.3
Markieff Morris,PF,34,DAL,16,1,9.4,0.9,2.9,.319,0.6,1.8,.321,0.4,1.2,.316,.415,0.2,0.3,.750,0.3,1.5,1.8,0.7,0.3,0.1,0.6,0.7,2.6
Monte Morris,PG,28,DET,1,0,11.0,3.0,4.0,.750,1.0,1.0,1.000,2.0,3.0,.667,.875,0.0,0.0,,0.0,3.0,3.0,3.0,0.0,0.0,0.0,0.0,7.0
Trey Murphy III,SF,23,NOP,20,2,25.6,4.4,10.1,.433,2.6,7.0,.371,1.8,3.1,.574,.562,1.9,2.4,.792,0.5,3.2,3.7,2.0,0.8,0.4,0.6,1.2,13.2
Dejounte Murray,SG,27,ATL,44,44,34.8,8.2,17.5,.468,2.4,6.2,.387,5.8,11.4,.512,.536,2.6,3.2,.835,0.7,4.3,5.0,5.0,1.3,0.3,2.2,1.7,21.4
Jamal Murray,PG,26,DEN,31,31,31.3,8.0,16.7,.478,2.4,5.8,.406,5.6,10.9,.516,.548,2.9,3.3,.882,0.6,3.4,4.0,6.5,0.8,0.6,1.9,2.1,21.3
Keegan Murray,SF,23,SAC,38,38,32.8,6.1,13.1,.468,2.4,6.6,.369,3.7,6.6,.566,.560,1.4,1.8,.791,1.4,4.2,5.6,1.6,1.2,0.5,0.9,2.6,16.1
Kris Murray,SF,23,POR,26,0,12.3,1.3,3.4,.398,0.6,1.7,.333,0.8,1.7,.465,.483,0.3,0.4,.727,0.7,1.2,1.8,0.6,0.8,0.2,0.5,0.7,3.6
Mike Muscala,C,32,TOT,28,2,14.1,1.4,3.7,.385,0.7,2.3,.317,0.7,1.5,.488,.481,0.6,0.8,.727,1.0,2.2,3.1,1.0,0.2,0.4,0.6,1.3,4.1
Mike Muscala,C,32,WAS,24,2,14.1,1.4,3.8,.367,0.6,2.1,.275,0.8,1.6,.487,.444,0.6,0.8,.750,0.9,2.2,3.1,0.9,0.2,0.3,0.7,1.3,4.0
Mike Muscala,C,32,DET,4,0,14.5,1.8,3.5,.500,1.5,3.0,.500,0.3,0.5,.500,.714,0.3,0.5,.500,1.3,2.0,3.3,1.3,0.3,0.8,0.3,1.3,5.3
Svi Mykhailiuk,SF,26,BOS,19,0,7.9,0.8,2.7,.294,0.5,2.1,.250,0.3,0.6,.455,.392,0.2,0.3,.500,0.3,0.6,0.9,0.3,0.3,0.0,0.3,0.6,2.3
Larry Nance Jr.,C,31,NOP,27,0,17.7,2.3,3.9,.590,0.6,1.2,.469,1.7,2.7,.644,.662,0.8,1.0,.786,1.3,3.9,5.2,1.3,1.0,0.4,0.9,1.2,6.0
Pete Nance,PF,23,CLE,2,0,2.0,0.0,1.0,.000,0.0,0.0,,0.0,1.0,.000,.000,0.0,0.0,,0.0,0.0,0.0,0.0,0.0,0.0,0.0,0.0,0.0
Andrew Nembhard,PG,24,IND,30,12,20.8,3.5,7.2,.488,0.7,2.0,.328,2.8,5.1,.552,.535,0.6,0.8,.750,0.6,1.1,1.7,4.3,0.9,0.0,1.9,2.0,8.3
Aaron Nesmith,SF,24,IND,39,14,25.7,4.2,8.3,.505,2.1,4.6,.453,2.1,3.7,.568,.629,1.2,1.6,.703,0.9,2.5,3.4,1.1,1.1,0.7,0.9,3.3,11.6
Georges Niang,PF,30,CLE,42,1,22.2,3.5,8.0,.440,1.9,5.0,.371,1.6,3.0,.556,.557,0.6,0.7,.833,0.4,3.5,3.8,1.2,0.3,0.2,0.8,2.4,9.5
Daishen Nix,PG,21,MIN,6,0,3.5,0.5,1.3,.375,0.3,0.8,.400,0.2,0.5,.333,.500,0.0,0.3,.000,0.0,0.2,0.2,0.0,0.2,0.0,0.0,0.0,1.3
Zeke Nnaji,PF,23,DEN,35,0,9.5,1.2,2.5,.477,0.1,0.4,.333,1.0,2.0,.507,.506,0.7,1.1,.641,1.1,1.0,2.1,0.5,0.3,0.6,0.7,1.6,3.2
Jaylen Nowell,SG,24,MEM,9,1,17.3,2.4,6.1,.400,0.4,2.6,.174,2.0,3.6,.563,.436,0.3,0.3,1.000,0.3,1.2,1.6,1.8,0.3,0.0,0.6,1.4,5.7
Markquis Nowell,SG,24,TOR,1,0,4.0,0.0,1.0,.000,0.0,0.0,,0.0,1.0,.000,.000,2.0,2.0,1.000,2.0,0.0,2.0,2.0,1.0,0.0,0.0,0.0,2.0
Frank Ntilikina,PG,25,CHO,2,0,6.0,0.0,1.0,.000,0.0,1.0,.000,0.0,0.0,,.000,0.0,0.0,,0.0,0.5,0.5,0.5,0.0,0.0,0.5,0.5,0.0
Jusuf Nurkić,C,29,PHO,42,42,27.6,4.5,9.0,.496,0.5,1.9,.269,4.0,7.2,.555,.524,2.4,3.3,.717,2.7,7.8,10.5,3.5,0.9,1.0,2.0,3.4,11.8
Jordan Nwora,SF,25,TOT,19,0,9.8,2.0,4.4,.458,0.6,1.9,.324,1.4,2.4,.565,.530,0.5,0.6,.818,0.4,1.3,1.7,0.9,0.3,0.1,0.6,1.0,5.1
Jordan Nwora,SF,25,IND,18,0,10.2,2.1,4.6,.451,0.6,2.0,.306,1.4,2.6,.565,.518,0.5,0.6,.818,0.4,1.4,1.8,1.0,0.3,0.1,0.7,1.1,5.2
Jordan Nwora,SF,25,TOR,1,0,4.0,1.0,1.0,1.000,1.0,1.0,1.000,0.0,0.0,,1.500,0.0,0.0,,0.0,0.0,0.0,0.0,0.0,0.0,0.0,0.0,3.0
Royce O'Neale,SF,30,BRK,42,6,24.7,2.5,6.5,.378,1.9,5.3,.356,0.6,1.3,.472,.522,0.3,0.5,.650,0.8,3.8,4.6,3.0,0.7,0.6,1.0,2.4,7.1
Chuma Okeke,SF,25,ORL,27,8,13.2,1.3,3.4,.387,0.8,2.6,.319,0.5,0.9,.583,.505,0.1,0.2,.400,0.7,2.0,2.6,0.6,0.3,0.3,0.4,0.6,3.6
Josh Okogie,SG,25,PHO,38,11,18.5,1.6,4.0,.391,0.4,1.9,.239,1.1,2.1,.525,.447,1.6,2.2,.735,1.3,1.5,2.8,1.3,0.9,0.5,0.6,1.5,5.2
Onyeka Okongwu,C,23,ATL,43,3,24.8,3.6,6.1,.587,0.3,1.1,.286,3.3,5.0,.656,.614,1.7,2.1,.800,2.5,4.2,6.8,1.4,0.4,1.0,0.9,3.0,9.2
Isaac Okoro,SF,23,CLE,33,22,26.1,3.2,6.4,.495,0.9,2.5,.354,2.3,3.9,.585,.564,1.5,2.2,.694,1.3,2.0,3.3,2.0,0.8,0.4,0.8,2.3,8.8
Kelly Olynyk,C,32,UTA,43,8,20.6,2.9,5.3,.553,0.7,1.7,.405,2.2,3.5,.625,.619,1.5,1.7,.851,1.3,3.8,5.1,4.3,0.8,0.3,1.7,2.8,8.0
Eugene Omoruyi,SF,26,WAS,19,0,5.8,1.7,2.9,.582,0.3,0.9,.294,1.4,2.0,.711,.627,0.8,1.1,.762,0.6,0.9,1.5,0.6,0.5,0.1,0.5,1.1,4.5
Cedi Osman,SF,28,SAS,44,1,17.8,2.7,5.6,.480,1.2,3.1,.372,1.5,2.5,.613,.583,0.7,1.0,.667,0.4,2.2,2.6,1.8,0.5,0.1,0.6,1.5,7.3
Kelly Oubre Jr.,SF,28,PHI,30,19,27.2,4.7,10.1,.467,1.6,4.5,.363,3.1,5.6,.550,.548,1.6,2.3,.710,0.9,3.3,4.2,1.0,1.2,0.4,0.9,2.7,12.7
Chris Paul,PG,38,GSW,32,11,27.6,3.3,7.7,.424,1.3,3.7,.361,1.9,3.9,.484,.512,1.1,1.3,.833,0.3,3.5,3.8,7.2,1.1,0.1,1.2,1.8,8.9
Cameron Payne,PG,29,MIL,40,2,15.3,2.3,4.8,.469,1.1,2.9,.395,1.1,2.0,.577,.586,0.9,1.0,.895,0.1,1.1,1.2,2.3,0.4,0.1,0.7,1.6,6.5
Gary Payton II,SG,31,GSW,16,0,16.3,2.3,4.9,.456,0.6,2.0,.281,1.7,2.9,.574,.513,0.4,0.6,.667,1.0,2.0,3.0,0.8,1.1,0.3,0.6,1.8,5.4
Drew Peterson,PF,24,BOS,1,0,3.0,1.0,1.0,1.000,1.0,1.0,1.000,0.0,0.0,,1.500,0.0,0.0,,0.0,0.0,0.0,1.0,0.0,0.0,0.0,1.0,3.0
Filip Petrušev,C,23,TOT,3,0,3.3,0.3,0.7,.500,0.0,0.0,,0.3,0.7,.500,.500,0.3,0.7,.500,0.0,0.3,0.3,0.0,0.0,0.0,0.0,0.3,1.0
Filip Petrušev,C,23,PHI,1,0,3.0,0.0,0.0,,0.0,0.0,,0.0,0.0,,,0.0,0.0,,0.0,1.0,1.0,0.0,0.0,0.0,0.0,0.0,0.0
Filip Petrušev,C,23,SAC,2,0,3.5,0.5,1.0,.500,0.0,0.0,,0.5,1.0,.500,.500,0.5,1.0,.500,0.0,0.0,0.0,0.0,0.0,0.0,0.0,0.5,1.5
Julian Phillips,SF,20,CHI,22,0,4.5,0.4,1.1,.333,0.0,0.5,.083,0.3,0.5,.583,.354,0.0,0.2,.250,0.1,0.4,0.5,0.3,0.0,0.1,0.1,0.5,0.8
Jalen Pickett,SG,24,DEN,15,0,6.0,0.7,1.7,.440,0.5,1.2,.389,0.3,0.5,.571,.580,0.1,0.1,1.000,0.1,0.7,0.7,0.7,0.2,0.0,0.4,0.5,2.1
Scotty Pippen Jr.,PG,23,MEM,2,0,14.5,3.0,4.5,.667,0.5,0.5,1.000,2.5,4.0,.625,.722,2.5,2.5,1.000,0.5,3.0,3.5,3.5,0.0,0.0,1.5,0.5,9.0
Mason Plumlee,C,33,LAC,12,3,16.0,2.0,2.9,.686,0.0,0.0,,2.0,2.9,.686,.686,1.7,2.8,.588,1.0,3.6,4.6,1.2,0.4,0.3,0.5,1.3,5.7
Brandin Podziemski,SG,20,GSW,35,10,24.4,3.7,7.9,.460,1.3,3.3,.388,2.4,4.6,.512,.541,0.6,1.0,.611,1.5,3.9,5.4,3.2,0.9,0.1,1.3,1.9,9.2
Jakob Poeltl,C,28,TOR,36,36,26.5,4.7,6.9,.685,0.0,0.0,,4.7,6.9,.685,.685,1.2,2.2,.532,2.8,5.6,8.3,2.5,0.7,1.4,1.6,2.9,10.6
Aleksej Pokusevski,PF,22,OKC,8,0,6.0,0.4,1.6,.231,0.1,1.1,.111,0.3,0.5,.500,.269,0.1,0.3,.500,0.3,0.9,1.1,0.6,0.0,0.1,0.4,0.6,1.0
Jordan Poole,SG,24,WAS,42,42,29.1,5.9,14.4,.409,1.9,6.3,.307,4.0,8.1,.488,.476,2.8,3.2,.872,0.4,1.9,2.3,3.5,1.0,0.3,2.3,3.1,16.5
Craig Porter Jr.,PG,23,CLE,29,5,15.9,2.9,5.7,.512,0.2,0.7,.333,2.7,4.9,.538,.534,1.1,1.6,.696,0.5,2.2,2.7,3.1,0.6,0.4,1.1,1.0,7.1
Jontay Porter,PF,24,TOR,11,5,15.6,1.7,5.0,.345,0.7,2.6,.276,1.0,2.4,.423,.418,0.7,0.7,1.000,1.1,2.3,3.4,2.2,0.7,1.0,0.7,1.9,4.9
Michael Porter Jr.,SF,25,DEN,45,45,31.4,6.2,12.8,.481,2.8,6.9,.401,3.4,6.0,.572,.588,1.0,1.3,.767,1.2,5.8,7.0,1.4,0.5,0.8,1.0,2.0,16.1
Otto Porter Jr.,SF,30,TOR,15,1,11.6,0.9,2.2,.424,0.5,1.5,.348,0.4,0.7,.600,.545,0.2,0.2,1.000,0.4,1.5,1.9,0.5,0.3,0.3,0.1,1.3,2.6
Bobby Portis,PF,28,MIL,44,0,23.4,5.0,9.8,.503,1.0,2.8,.363,3.9,7.0,.560,.555,1.3,1.7,.784,1.5,5.1,6.7,1.0,0.7,0.5,0.9,2.4,12.3
Kristaps Porziņģis,C,28,BOS,32,32,30.0,6.5,12.3,.525,1.8,5.1,.350,4.7,7.2,.649,.598,4.8,5.8,.837,1.7,5.2,6.8,2.0,0.7,1.9,1.6,2.9,19.5
Micah Potter,PF,25,UTA,2,0,3.5,0.0,0.5,.000,0.0,0.5,.000,0.0,0.0,,.000,0.0,0.0,,0.0,2.0,2.0,0.0,0.0,0.0,0.0,0.0,0.0
Dwight Powell,C,32,DAL,39,8,16.0,1.6,2.2,.709,0.0,0.1,.500,1.5,2.2,.714,.715,1.4,1.9,.753,1.8,2.1,3.9,1.7,0.6,0.4,0.5,2.2,4.6
Norman Powell,SG,30,LAC,42,0,25.5,4.7,9.4,.500,2.0,4.5,.453,2.7,4.9,.544,.609,2.0,2.3,.875,0.1,2.3,2.5,1.0,0.5,0.4,0.9,1.8,13.5
Joshua Primo,SG,21,LAC,1,0,5.0,1.0,2.0,.500,0.0,1.0,.000,1.0,1.0,1.000,.500,0.0,0.0,,0.0,0.0,0.0,0.0,0.0,1.0,3.0,0.0,2.0
Taurean Prince,PF,29,LAL,42,42,30.7,3.5,8.2,.425,2.1,5.5,.385,1.4,2.7,.504,.553,0.7,0.9,.744,0.3,2.6,2.8,1.8,0.9,0.5,0.9,2.2,9.8
Payton Pritchard,PG,26,BOS,44,0,21.2,2.8,6.7,.420,1.7,4.5,.378,1.1,2.2,.505,.546,0.5,0.7,.774,1.0,2.3,3.3,3.0,0.5,0.1,0.6,1.3,7.8
Olivier-Maxence Prosper,PF,21,DAL,24,0,9.1,0.9,2.6,.349,0.3,1.3,.258,0.6,1.3,.438,.413,0.8,1.1,.704,0.6,1.5,2.2,0.8,0.1,0.1,0.2,0.7,3.0
Trevelin Queen,SG,26,ORL,10,0,14.9,1.4,3.4,.412,0.3,1.4,.214,1.1,2.0,.550,.456,0.9,1.2,.750,0.3,1.5,1.8,1.7,0.7,0.5,0.7,1.4,4.0
Neemias Queta,C,24,BOS,16,0,12.9,1.9,3.4,.556,0.0,0.0,,1.9,3.4,.556,.556,0.9,1.1,.778,2.0,2.6,4.6,0.4,0.4,0.4,0.4,2.3,4.6
Immanuel Quickley,SG-PG,24,TOT,42,12,26.2,5.2,11.9,.440,2.3,5.6,.410,2.9,6.3,.466,.536,2.8,3.2,.866,0.2,2.9,3.1,3.5,0.6,0.1,1.1,1.6,15.5
Immanuel Quickley,SG,24,NYK,30,0,24.0,5.1,11.2,.454,2.1,5.4,.395,2.9,5.8,.509,.549,2.7,3.1,.872,0.2,2.4,2.6,2.5,0.5,0.1,1.0,1.5,15.0
Immanuel Quickley,PG,24,TOR,12,12,31.8,5.6,13.6,.411,2.7,6.0,.444,2.9,7.6,.385,.509,2.8,3.3,.850,0.3,4.3,4.6,6.1,0.8,0.2,1.4,2.0,16.7
Lester Quinones,SG,23,GSW,9,0,6.3,1.0,2.6,.391,0.6,1.4,.385,0.4,1.1,.400,.500,0.1,0.2,.500,0.4,0.9,1.3,0.6,0.1,0.1,0.6,0.7,2.7
Julius Randle,PF,29,NYK,44,44,35.6,8.7,18.3,.473,1.6,5.3,.306,7.0,13.0,.542,.518,5.2,6.7,.777,2.1,7.1,9.3,5.0,0.5,0.3,3.5,2.8,24.2
Duop Reath,C,27,POR,32,11,18.3,3.5,7.3,.481,1.4,3.7,.378,2.1,3.6,.586,.577,1.1,1.4,.795,1.5,2.6,4.1,1.3,0.5,0.5,0.8,2.4,9.6
Austin Reaves,SG,25,LAL,45,20,30.2,5.2,10.7,.487,1.6,4.5,.345,3.7,6.2,.589,.559,2.9,3.3,.873,0.8,3.3,4.1,5.1,0.9,0.1,2.1,1.8,14.9
Cam Reddish,SF,24,LAL,35,26,23.3,2.4,5.9,.405,0.9,2.7,.337,1.5,3.1,.464,.483,1.0,1.3,.783,0.5,1.9,2.4,1.3,1.2,0.3,0.9,1.6,6.7
Paul Reed,C,24,PHI,42,8,15.3,2.4,4.4,.548,0.1,0.5,.316,2.3,4.0,.575,.565,0.6,0.9,.722,1.9,2.8,4.7,1.1,0.6,0.7,0.8,2.2,5.6
Naz Reid,C,24,MIN,44,0,22.4,4.8,9.5,.499,2.0,4.8,.410,2.8,4.8,.589,.601,1.1,1.4,.794,1.0,3.6,4.6,1.0,0.8,0.7,1.3,2.0,12.6
Jared Rhoden,SG,24,DET,5,0,6.0,1.0,1.8,.556,0.2,0.8,.250,0.8,1.0,.800,.611,0.4,0.4,1.000,0.2,0.6,0.8,0.6,0.0,0.0,0.4,0.8,2.6
Nick Richards,C,26,CHO,33,20,24.4,3.6,5.3,.676,0.0,0.0,,3.6,5.3,.676,.676,1.8,2.4,.763,2.5,5.2,7.7,0.8,0.4,1.2,0.9,2.7,9.1
Josh Richardson,SG,30,MIA,35,5,26.0,3.4,7.9,.432,1.5,4.3,.342,2.0,3.7,.535,.523,1.3,1.4,.938,0.4,2.3,2.7,2.5,0.5,0.4,1.0,1.8,9.6
Duncan Robinson,SF,29,MIA,42,17,28.3,4.7,10.4,.455,2.8,6.9,.407,1.9,3.5,.552,.591,1.3,1.5,.875,0.3,2.4,2.6,2.9,0.6,0.2,1.4,2.2,13.6
Jerome Robinson,SG,26,GSW,7,0,3.7,0.0,1.3,.000,0.0,0.7,.000,0.0,0.6,.000,.000,0.6,0.9,.667,0.1,0.3,0.4,0.3,0.0,0.1,0.0,0.1,0.6
Mitchell Robinson,C,25,NYK,21,21,29.2,2.8,4.7,.592,0.0,0.0,,2.8,4.7,.592,.592,0.7,1.8,.368,5.3,5.0,10.3,0.7,1.5,1.3,1.0,1.9,6.2
Orlando Robinson,C,23,MIA,18,7,12.3,1.7,3.3,.525,0.4,0.7,.583,1.3,2.6,.511,.585,0.6,0.9,.688,1.0,2.3,3.3,1.5,0.3,0.4,0.7,1.6,4.4
Jeremiah Robinson-Earl,PF,23,NOP,17,1,11.5,1.6,3.0,.529,0.5,1.1,.421,1.1,1.9,.594,.608,0.4,0.4,1.000,0.6,2.0,2.6,0.5,0.4,0.2,0.5,0.8,4.0
David Roddy,PF,22,MEM,41,10,22.7,3.1,7.6,.408,1.0,3.1,.318,2.1,4.4,.473,.474,0.9,1.2,.714,1.0,2.8,3.9,1.4,0.5,0.2,1.0,1.4,8.0
Ryan Rollins,PG,21,WAS,10,0,6.6,1.3,2.5,.520,0.2,0.3,.667,1.1,2.2,.500,.560,1.3,1.7,.765,0.2,0.9,1.1,1.1,0.8,0.3,0.7,0.7,4.1
Derrick Rose,PG,35,MEM,17,7,17.9,3.3,7.5,.438,0.6,1.9,.333,2.6,5.6,.474,.480,1.1,1.2,.905,0.4,1.4,1.8,3.4,0.4,0.1,1.3,1.1,8.4
Terry Rozier,SG-PG,29,TOT,31,30,35.3,8.2,18.1,.455,2.7,7.6,.354,5.5,10.4,.529,.530,3.6,4.2,.847,0.6,3.3,3.9,6.5,1.1,0.4,2.2,1.7,22.7
Terry Rozier,SG,29,CHO,30,30,35.5,8.4,18.3,.459,2.8,7.7,.358,5.6,10.6,.533,.535,3.6,4.3,.845,0.6,3.3,3.9,6.6,1.1,0.4,2.2,1.7,23.2
Terry Rozier,PG,29,MIA,1,0,29.0,3.0,11.0,.273,1.0,5.0,.200,2.0,6.0,.333,.318,2.0,2.0,1.000,2.0,2.0,4.0,5.0,2.0,0.0,3.0,2.0,9.0
Rayan Rupert,SG,19,POR,14,0,7.5,1.0,2.9,.350,0.4,1.1,.375,0.6,1.7,.333,.425,0.4,0.6,.625,0.4,0.9,1.4,0.7,0.1,0.0,0.4,0.4,2.8
D'Angelo Russell,PG,27,LAL,41,34,29.9,6.2,13.0,.479,2.4,5.8,.412,3.9,7.2,.534,.571,1.7,2.1,.784,0.4,2.4,2.7,6.2,0.8,0.5,2.0,2.0,16.6
Matt Ryan,SF,26,NOP,13,1,22.9,2.9,6.4,.458,2.5,5.2,.471,0.5,1.2,.400,.651,1.0,1.1,.929,0.4,1.9,2.3,1.1,0.4,0.1,1.2,1.8,9.3
Domantas Sabonis,C,27,SAC,42,42,35.3,8.0,13.1,.610,0.5,1.1,.404,7.5,12.0,.629,.627,3.5,5.2,.677,3.2,9.6,12.8,7.9,0.8,0.5,3.3,3.2,20.0
Luka Šamanić,PF,24,UTA,20,0,6.3,1.1,2.8,.375,0.3,1.1,.238,0.8,1.8,.457,.420,0.6,0.7,.846,0.4,1.6,1.9,0.2,0.1,0.1,0.5,0.7,2.9
Jermaine Samuels,SF,25,HOU,6,0,6.3,0.8,1.2,.714,0.0,0.3,.000,0.8,0.8,1.000,.714,0.3,0.3,1.000,0.2,1.2,1.3,0.3,0.2,0.2,0.0,0.5,2.0
Adama Sanogo,PF,21,CHI,3,0,3.7,1.0,1.0,1.000,0.0,0.0,,1.0,1.0,1.000,1.000,0.7,1.0,.667,0.7,1.3,2.0,0.0,0.0,0.0,0.3,0.0,2.7
Gui Santos,PF,21,GSW,6,0,5.8,0.7,1.8,.364,0.2,1.0,.167,0.5,0.8,.600,.409,1.0,1.0,1.000,0.8,1.2,2.0,0.3,0.0,0.0,0.3,0.5,2.5
Dario Šarić,C,29,GSW,41,8,20.8,3.6,7.5,.484,1.5,3.8,.401,2.1,3.7,.570,.586,1.7,2.0,.850,1.4,4.2,5.6,2.4,0.6,0.2,1.2,2.2,10.5
Olivier Sarr,C,24,OKC,9,0,7.6,0.7,1.2,.545,0.2,0.6,.400,0.4,0.7,.667,.636,0.7,0.9,.750,0.7,2.2,2.9,0.2,0.0,0.6,0.2,1.6,2.2
Marcus Sasser,PG,23,DET,40,0,15.5,2.7,5.8,.468,1.0,2.6,.392,1.7,3.2,.527,.554,0.7,0.8,.906,0.2,1.4,1.6,2.6,0.6,0.2,0.9,1.3,7.1
Admiral Schofield,PF,26,ORL,12,0,3.8,0.4,1.3,.333,0.2,0.8,.222,0.3,0.5,.500,.400,0.0,0.2,.000,0.1,0.5,0.6,0.3,0.0,0.0,0.3,0.6,1.0
Dennis Schröder,PG,30,TOR,44,31,31.0,5.0,11.1,.451,1.6,4.4,.359,3.4,6.7,.510,.522,2.3,2.7,.858,0.4,2.2,2.6,6.3,0.8,0.1,1.5,2.1,13.9
Dereon Seabron,SG,23,NOP,5,0,10.4,0.8,2.6,.308,0.2,0.4,.500,0.6,2.2,.273,.346,1.0,1.2,.833,0.2,1.2,1.4,0.8,0.4,0.2,0.0,0.8,2.8
Alperen Şengün,C,21,HOU,43,43,32.8,8.7,16.2,.541,0.6,2.0,.287,8.2,14.1,.577,.559,4.1,5.6,.723,2.7,6.5,9.2,5.1,1.2,0.7,2.6,3.3,22.1
Brice Sensabaugh,SF,20,UTA,4,0,3.0,0.5,1.5,.333,0.3,0.5,.500,0.3,1.0,.250,.417,0.0,0.0,,0.3,0.5,0.8,0.5,0.0,0.0,0.0,0.3,1.3
Collin Sexton,SG,25,UTA,45,22,24.2,6.0,12.2,.492,1.5,3.9,.379,4.5,8.2,.546,.553,4.1,4.6,.885,0.9,1.8,2.6,4.1,0.7,0.2,1.8,2.1,17.5
Landry Shamet,SG,26,WAS,27,0,15.4,2.9,6.2,.470,1.4,3.4,.398,1.6,2.8,.560,.580,1.0,1.3,.771,0.2,1.0,1.2,1.4,0.6,0.3,0.6,1.8,8.2
Day'Ron Sharpe,C,22,BRK,37,1,16.0,3.0,5.2,.575,0.0,0.2,.143,3.0,5.0,.591,.578,1.5,2.4,.614,2.8,4.2,7.0,1.4,0.5,0.9,1.0,2.3,7.5
Shaedon Sharpe,SG,20,POR,32,25,33.1,5.5,13.6,.406,1.9,5.6,.333,3.6,7.9,.457,.475,3.1,3.7,.824,1.3,3.7,5.0,2.9,0.9,0.4,2.3,2.8,15.9
Ben Sheppard,SG,22,IND,22,0,9.3,1.0,2.7,.383,0.5,1.7,.316,0.5,1.0,.500,.483,0.4,0.5,.750,0.3,0.7,1.0,0.8,0.5,0.0,0.0,1.1,3.0
Pascal Siakam,PF,29,TOT,42,42,34.5,8.3,15.9,.520,1.1,3.6,.318,7.1,12.3,.579,.556,4.2,5.5,.751,1.4,5.0,6.3,4.9,0.8,0.2,2.1,2.4,21.8
Pascal Siakam,PF,29,TOR,39,39,34.7,8.3,16.0,.522,1.2,3.7,.317,7.2,12.3,.584,.559,4.3,5.7,.758,1.4,4.9,6.3,4.9,0.8,0.3,2.1,2.2,22.2
Pascal Siakam,PF,29,IND,3,3,32.3,7.3,14.7,.500,0.7,2.0,.333,6.7,12.7,.526,.523,2.0,3.3,.600,1.3,5.3,6.7,4.7,0.3,0.0,1.7,4.0,17.3
Ben Simmons,PG,27,BRK,6,6,31.8,3.2,6.0,.528,0.0,0.0,,3.2,6.0,.528,.528,0.2,0.7,.250,2.7,8.2,10.8,6.7,0.5,0.8,2.5,2.7,6.5
Anfernee Simons,SG,24,POR,22,22,33.2,7.9,18.1,.434,3.3,8.5,.390,4.5,9.6,.472,.525,3.9,4.4,.896,0.5,3.0,3.5,4.8,0.5,0.1,2.5,2.0,23.0
Jericho Sims,C,25,NYK,20,6,7.3,0.7,1.0,.684,0.0,0.0,,0.7,1.0,.684,.684,0.2,0.3,.600,0.4,1.1,1.5,0.3,0.1,0.3,0.2,0.8,1.5
Dmytro Skapintsev,C,25,NYK,2,0,1.0,0.0,0.5,.000,0.0,0.0,,0.0,0.5,.000,.000,0.0,0.0,,0.0,0.0,0.0,0.0,0.0,0.0,0.0,0.0,0.0
Jalen Slawson,SF,24,SAC,5,0,3.8,0.4,0.6,.667,0.0,0.2,.000,0.4,0.4,1.000,.667,0.0,0.0,,0.0,0.8,0.8,0.4,0.0,0.2,0.4,0.6,0.8
Javonte Smart,PG,24,PHI,1,0,1.0,0.0,0.0,,0.0,0.0,,0.0,0.0,,,0.0,0.0,,0.0,0.0,0.0,0.0,0.0,0.0,0.0,0.0,0.0
Marcus Smart,PG,29,MEM,20,20,30.3,5.1,11.9,.430,2.1,6.7,.313,3.0,5.2,.583,.519,2.2,2.8,.768,0.3,2.4,2.7,4.3,2.1,0.3,3.1,2.7,14.5
Dennis Smith Jr.,PG,26,BRK,28,1,20.0,3.0,6.8,.435,0.6,2.0,.286,2.4,4.8,.496,.476,0.9,1.1,.813,0.9,2.4,3.4,4.1,1.2,0.3,1.3,2.5,7.4
Dru Smith,SG,26,MIA,9,0,14.6,1.7,3.7,.455,0.8,1.9,.412,0.9,1.8,.500,.561,0.2,0.2,1.000,0.7,0.9,1.6,1.6,1.0,0.3,0.6,1.3,4.3
Ish Smith,PG,35,CHO,35,2,16.4,1.7,3.6,.472,0.1,0.2,.333,1.6,3.4,.479,.480,0.1,0.1,.750,0.3,1.4,1.7,3.1,0.3,0.1,1.2,0.9,3.5
Jabari Smith Jr.,PF,20,HOU,40,40,31.7,5.0,10.6,.474,1.7,4.5,.382,3.3,6.2,.541,.554,1.9,2.4,.809,2.0,6.8,8.7,1.5,0.6,0.8,1.2,2.9,13.7
Jalen Smith,C,23,IND,30,12,17.8,3.9,6.2,.631,1.1,2.3,.500,2.8,4.0,.706,.722,1.4,1.9,.719,1.5,4.0,5.5,1.1,0.2,0.5,0.9,2.3,10.4
Nick Smith Jr.,SG,19,CHO,27,0,15.1,2.5,5.9,.424,1.3,2.9,.462,1.1,3.0,.388,.538,0.1,0.1,.750,0.5,1.1,1.6,1.1,0.1,0.3,0.9,1.1,6.4
Terquavion Smith,PG,21,PHI,3,0,1.0,0.7,1.0,.667,0.7,0.7,1.000,0.0,0.3,.000,1.000,0.0,0.0,,0.0,0.0,0.0,0.0,0.0,0.0,0.0,0.0,2.0
Jeremy Sochan,PF,20,SAS,44,43,29.4,4.3,10.0,.434,1.0,2.8,.372,3.3,7.3,.458,.485,1.6,2.0,.784,1.6,4.0,5.7,4.0,0.7,0.4,1.9,2.5,11.3
Jaden Springer,SG,21,PHI,24,0,9.9,1.1,3.2,.351,0.2,1.0,.200,0.9,2.2,.423,.383,0.5,0.8,.722,0.8,0.6,1.4,0.9,0.5,0.4,0.8,1.4,3.0
Lamar Stevens,PF,26,BOS,16,1,6.4,0.9,2.1,.441,0.1,0.4,.286,0.8,1.7,.481,.471,0.4,0.5,.750,0.5,0.9,1.4,0.4,0.4,0.3,0.4,0.8,2.4
Isaiah Stewart,PF,22,DET,33,32,30.7,4.1,8.6,.470,1.5,3.8,.384,2.6,4.8,.538,.554,1.5,2.0,.738,1.8,5.2,7.0,1.8,0.4,0.8,1.6,2.5,11.0
Julian Strawther,SF,21,DEN,33,0,13.9,2.2,5.6,.384,1.1,3.5,.322,1.0,2.1,.486,.484,0.5,0.7,.696,0.1,1.4,1.5,1.1,0.5,0.2,0.5,1.4,5.9
Max Strus,SF,27,CLE,42,42,33.0,4.6,11.5,.405,2.5,7.5,.338,2.1,3.9,.537,.517,1.0,1.3,.811,0.7,4.1,4.9,3.8,0.9,0.5,1.6,2.7,12.9
Jalen Suggs,SG,22,ORL,40,40,26.7,4.6,10.1,.455,2.0,5.2,.391,2.6,4.9,.523,.556,1.7,2.2,.773,0.7,2.6,3.4,2.4,1.3,0.7,2.0,2.9,12.9
Cole Swider,SF,24,MIA,8,0,4.8,1.1,2.4,.474,0.6,1.8,.357,0.5,0.6,.800,.605,0.0,0.0,,0.1,0.1,0.3,0.4,0.1,0.1,0.4,0.1,2.9
Jae'Sean Tate,SF,28,HOU,40,9,18.6,1.9,3.9,.477,0.5,1.5,.295,1.4,2.4,.596,.535,0.5,0.7,.714,1.1,2.4,3.5,1.1,0.7,0.2,0.4,2.5,4.7
Jayson Tatum,PF,25,BOS,41,41,36.0,9.1,19.4,.469,3.0,8.3,.361,6.1,11.0,.550,.546,5.9,7.2,.808,0.9,7.5,8.4,4.4,1.0,0.5,2.5,2.1,27.0
Terry Taylor,PF,24,CHI,16,0,6.8,0.8,1.4,.591,0.0,0.3,.000,0.8,1.1,.765,.591,0.1,0.1,1.000,0.8,0.5,1.3,0.3,0.2,0.1,0.4,0.8,1.7
Garrett Temple,SG,37,TOR,11,0,4.1,0.5,1.2,.462,0.2,0.5,.400,0.4,0.7,.500,.538,0.4,0.4,1.000,0.3,0.5,0.7,0.5,0.2,0.0,0.2,0.3,1.6
Dalen Terry,SG,21,CHI,29,1,10.1,0.7,2.0,.356,0.2,1.2,.200,0.5,0.8,.583,.415,0.5,0.7,.750,0.3,1.3,1.7,1.2,0.2,0.3,0.6,1.2,2.2
Daniel Theis,C,31,TOT,32,1,16.9,2.6,5.0,.516,0.4,1.0,.406,2.2,4.0,.543,.557,0.9,1.2,.737,1.6,2.0,3.6,0.9,0.5,0.9,0.7,2.3,6.4
Daniel Theis,C,31,IND,1,0,8.0,1.0,4.0,.250,0.0,1.0,.000,1.0,3.0,.333,.250,0.0,0.0,,0.0,0.0,0.0,0.0,0.0,0.0,0.0,1.0,2.0
Daniel Theis,C,31,LAC,31,1,17.2,2.6,5.0,.523,0.4,1.0,.419,2.2,4.0,.548,.565,0.9,1.2,.737,1.6,2.0,3.7,0.9,0.5,0.9,0.7,2.4,6.5
Cam Thomas,SG,22,BRK,34,20,28.4,7.5,17.1,.439,1.9,5.4,.346,5.6,11.6,.482,.494,3.5,4.3,.810,0.2,2.2,2.5,2.4,0.5,0.3,1.6,1.9,20.4
Amen Thompson,SF,21,HOU,24,1,16.3,2.4,5.3,.460,0.2,1.3,.133,2.3,4.0,.563,.476,1.3,1.8,.682,1.0,3.1,4.1,2.0,0.9,0.3,1.1,1.9,6.3
Ausar Thompson,SF,21,DET,44,24,23.8,3.4,7.3,.467,0.3,1.6,.153,3.2,5.7,.558,.485,1.2,1.9,.634,2.1,4.6,6.7,2.0,0.9,0.9,1.3,3.0,8.3
Klay Thompson,SF,33,GSW,40,40,30.5,6.1,14.3,.425,3.4,8.7,.389,2.7,5.6,.480,.543,1.9,2.1,.906,0.6,2.9,3.5,2.4,0.5,0.5,1.7,1.9,17.5
Tristan Thompson,PF,32,CLE,36,0,12.4,1.7,2.6,.649,0.0,0.0,.000,1.7,2.6,.656,.649,0.4,1.2,.310,1.6,2.3,3.9,1.1,0.2,0.3,0.6,1.4,3.8
JT Thor,PF,21,CHO,35,1,14.8,1.3,3.6,.362,0.5,1.6,.316,0.8,2.0,.400,.433,0.1,0.3,.444,1.1,1.7,2.8,0.4,0.2,0.5,0.3,1.1,3.3
Matisse Thybulle,SF,26,POR,42,14,22.5,2.0,4.6,.426,1.4,3.7,.377,0.6,1.0,.610,.574,0.3,0.4,.813,0.4,1.6,2.0,1.1,1.6,0.8,0.5,1.3,5.6
Xavier Tillman Sr.,C,25,MEM,31,12,20.5,2.6,6.3,.410,0.4,1.6,.235,2.2,4.6,.472,.441,0.5,1.1,.400,1.6,3.1,4.7,1.7,1.2,1.0,0.9,1.7,6.0
Jacob Toppin,SF,23,NYK,3,0,1.3,0.0,0.0,,0.0,0.0,,0.0,0.0,,,0.0,0.0,,0.0,0.0,0.0,0.3,0.0,0.3,0.0,0.0,0.0
Obi Toppin,PF,25,IND,44,28,23.2,4.4,7.5,.582,1.3,3.2,.408,3.0,4.3,.713,.670,1.1,1.4,.770,1.0,2.9,3.9,1.5,0.5,0.5,0.7,2.1,11.1
Juan Toscano-Anderson,SF,30,SAC,11,0,4.8,0.3,1.1,.250,0.1,0.4,.250,0.2,0.7,.250,.292,0.0,0.0,,0.4,0.9,1.3,0.4,0.1,0.1,0.2,1.0,0.6
Karl-Anthony Towns,PF,28,MIN,43,43,33.1,8.0,15.7,.513,2.2,5.1,.436,5.8,10.6,.550,.584,4.3,4.9,.886,1.5,7.3,8.8,3.0,0.7,0.5,2.8,3.4,22.6
Gary Trent Jr.,SG,25,TOR,39,9,25.8,4.3,10.0,.425,2.3,5.5,.417,1.9,4.5,.434,.540,0.7,1.1,.651,0.3,1.9,2.1,1.6,0.8,0.1,0.6,1.2,11.5
Oscar Tshiebwe,PF,24,IND,6,0,5.7,1.3,2.7,.500,0.0,0.0,,1.3,2.7,.500,.500,0.8,1.0,.833,1.0,1.0,2.0,0.3,0.3,0.0,0.0,0.2,3.5
P.J. Tucker,PF,38,TOT,15,3,15.9,0.4,1.3,.316,0.3,1.1,.313,0.1,0.2,.333,.447,0.2,0.2,1.000,1.1,1.8,2.9,0.5,0.6,0.2,0.3,2.3,1.3
P.J. Tucker,PF,38,PHI,3,3,22.0,0.7,1.7,.400,0.7,1.7,.400,0.0,0.0,,.600,0.0,0.0,,0.3,4.3,4.7,0.0,1.0,0.7,0.7,3.0,2.0
P.J. Tucker,PF,38,LAC,12,0,14.4,0.3,1.2,.286,0.3,0.9,.273,0.1,0.3,.333,.393,0.3,0.3,1.000,1.3,1.2,2.4,0.7,0.5,0.1,0.2,2.2,1.2
Myles Turner,C,27,IND,43,43,27.7,6.3,12.0,.525,1.4,4.1,.337,4.9,7.9,.622,.583,3.5,4.4,.803,1.7,5.4,7.1,1.3,0.5,1.9,1.5,3.1,17.4
Hunter Tyson,PF,23,DEN,8,0,2.5,0.1,0.5,.250,0.0,0.4,.000,0.1,0.1,1.000,.250,0.0,0.0,,0.0,0.6,0.6,0.1,0.0,0.0,0.0,0.6,0.3
Stanley Umude,SG,24,DET,15,0,10.3,1.3,2.9,.455,0.9,1.8,.519,0.4,1.1,.353,.614,1.4,1.5,.913,0.2,1.7,1.9,0.5,0.3,0.3,0.7,1.6,5.0
Jonas Valančiūnas,C,31,NOP,44,44,26.5,5.4,9.6,.566,0.7,1.8,.358,4.8,7.8,.616,.601,2.4,3.0,.805,2.6,7.0,9.6,2.3,0.5,1.1,1.4,3.1,14.0
Jarred Vanderbilt,PF,24,LAL,24,5,19.3,1.5,3.4,.451,0.2,1.0,.217,1.3,2.5,.542,.482,0.6,1.0,.652,1.5,3.3,4.7,1.1,1.0,0.2,0.8,1.6,3.9
Fred VanVleet,PG,29,HOU,41,41,37.2,5.8,14.1,.408,3.0,8.0,.382,2.7,6.1,.442,.516,2.7,3.1,.867,0.4,3.4,3.8,8.5,1.1,0.9,1.6,2.2,17.3
Devin Vassell,SG,23,SAS,39,33,31.1,6.6,14.2,.464,2.4,6.7,.363,4.2,7.5,.555,.550,2.4,2.9,.814,0.4,3.1,3.5,3.6,1.2,0.2,1.3,1.1,18.0
Sasha Vezenkov,PF,28,SAC,33,0,12.7,2.2,4.8,.456,1.1,2.9,.375,1.1,1.9,.581,.570,0.2,0.3,.700,0.9,1.7,2.6,0.4,0.5,0.2,0.3,0.9,5.7
Gabe Vincent,PG,27,LAL,5,0,25.4,2.4,6.4,.375,0.4,3.4,.118,2.0,3.0,.667,.406,0.2,0.4,.500,0.4,0.6,1.0,3.0,1.2,0.0,0.4,2.4,5.4
Nikola Vučević,C,33,CHI,40,38,33.7,7.3,15.5,.469,1.1,4.1,.265,6.2,11.5,.541,.504,1.3,1.5,.864,2.7,8.0,10.7,3.6,0.7,0.7,1.6,2.6,16.9
Dean Wade,PF,27,CLE,35,28,22.1,1.9,4.5,.427,1.5,3.8,.403,0.4,0.7,.565,.599,0.4,0.5,.789,0.9,3.6,4.5,0.9,0.9,0.3,0.5,2.1,5.8
Franz Wagner,SF,22,ORL,36,36,33.0,7.6,16.3,.468,1.4,4.8,.295,6.2,11.4,.541,.512,4.1,4.7,.859,1.1,4.6,5.7,3.9,1.1,0.3,1.8,2.3,20.7
Moritz Wagner,C,26,ORL,42,1,19.0,4.3,7.3,.590,0.5,1.7,.310,3.8,5.6,.675,.626,2.2,2.8,.790,1.6,3.0,4.5,1.3,0.5,0.3,1.2,2.2,11.3
Ish Wainright,SF,29,POR,7,0,6.6,0.9,2.6,.333,0.9,2.3,.375,0.0,0.3,.000,.500,0.3,0.3,1.000,0.0,1.3,1.3,0.0,0.3,0.1,0.1,0.6,2.9
Jabari Walker,SF,21,POR,40,6,20.9,3.1,6.4,.484,0.6,2.0,.304,2.5,4.4,.566,.531,1.9,2.4,.773,1.9,4.3,6.2,0.9,0.6,0.4,0.9,2.3,8.6
Jarace Walker,PF,20,IND,15,0,11.0,1.9,4.3,.438,0.8,2.0,.400,1.1,2.3,.471,.531,0.4,0.5,.857,0.5,1.3,1.9,1.3,0.6,0.3,0.5,1.0,4.9
Lonnie Walker IV,SG,25,BRK,25,0,18.5,4.5,9.2,.489,2.3,4.9,.463,2.2,4.2,.519,.614,1.2,1.5,.763,0.2,2.1,2.3,1.4,0.6,0.4,1.2,1.1,12.4
Cason Wallace,SG,20,OKC,44,7,21.1,2.6,5.0,.514,1.1,2.6,.422,1.5,2.4,.613,.624,0.5,0.5,.833,0.6,1.6,2.3,1.4,0.7,0.5,0.5,1.7,6.8
Jordan Walsh,SF,19,BOS,1,0,3.0,0.0,1.0,.000,0.0,1.0,.000,0.0,0.0,,.000,0.0,0.0,,0.0,4.0,4.0,0.0,0.0,0.0,0.0,0.0,0.0
P.J. Washington,PF,25,CHO,36,16,28.5,4.7,10.9,.434,1.8,5.4,.332,2.9,5.4,.536,.517,1.4,1.9,.746,1.2,4.1,5.3,2.3,0.9,0.7,1.4,2.8,12.6
TyTy Washington Jr.,PG,22,MIL,2,0,3.0,0.5,1.5,.333,0.5,1.0,.500,0.0,0.5,.000,.500,0.0,0.0,,0.0,0.5,0.5,0.0,0.5,0.0,1.0,0.0,1.5
Yuta Watanabe,SF,29,PHO,26,0,14.3,1.2,3.6,.344,0.9,2.8,.315,0.3,0.8,.450,.468,0.4,0.6,.667,0.4,1.3,1.7,0.4,0.3,0.3,0.6,1.3,3.7
Lindy Waters III,SG,26,OKC,15,0,7.5,1.1,2.5,.421,1.0,2.4,.417,0.1,0.1,.500,.618,0.0,0.0,,0.1,0.7,0.8,0.7,0.0,0.1,0.1,0.7,3.1
Trendon Watford,PF,23,BRK,31,0,12.2,2.3,4.4,.533,0.3,0.9,.357,2.0,3.5,.579,.570,0.8,0.9,.828,0.9,1.9,2.9,1.6,0.5,0.2,0.8,1.6,5.7
Peyton Watson,SF,21,DEN,43,2,17.4,2.5,5.4,.472,0.7,2.0,.345,1.8,3.3,.549,.537,1.0,1.4,.712,0.5,2.1,2.6,0.9,0.5,0.9,0.6,1.6,6.7
Victor Wembanyama,C,20,SAS,38,38,28.5,7.5,16.2,.465,1.4,4.9,.294,6.1,11.3,.540,.510,3.9,4.8,.804,2.2,7.8,10.1,2.9,1.1,3.2,3.2,2.3,20.4
Blake Wesley,SG,20,SAS,23,1,10.8,1.6,2.9,.537,0.0,0.6,.071,1.5,2.3,.660,.545,0.4,0.9,.476,0.3,0.8,1.1,2.0,0.3,0.1,0.5,1.4,3.6
Russell Westbrook,PG,35,LAC,42,10,23.1,4.5,9.7,.467,0.7,2.3,.306,3.8,7.4,.518,.504,1.5,2.3,.653,1.5,4.3,5.9,4.7,1.1,0.4,2.2,1.9,11.3
Coby White,PG,23,CHI,45,45,35.6,6.7,14.6,.460,2.8,7.0,.403,3.9,7.6,.513,.557,2.5,3.1,.819,0.5,4.1,4.6,5.0,0.7,0.3,2.1,2.4,18.8
Derrick White,SG,29,BOS,40,40,32.2,5.5,11.8,.464,2.7,6.6,.404,2.8,5.1,.541,.578,2.4,2.7,.896,0.7,3.4,4.1,4.8,1.1,1.2,1.7,2.2,16.0
Cam Whitmore,SF,19,HOU,20,1,15.5,3.6,7.4,.483,1.3,3.4,.388,2.3,4.0,.563,.571,1.1,1.8,.600,0.5,2.7,3.2,0.3,0.7,0.3,0.7,1.4,9.5
Aaron Wiggins,SG,25,OKC,41,0,12.8,2.2,3.6,.605,0.6,1.1,.533,1.6,2.5,.637,.687,0.5,0.7,.759,0.6,1.6,2.2,0.9,0.4,0.1,0.5,1.2,5.5
Andrew Wiggins,SF,28,GSW,37,26,26.4,4.6,10.9,.420,0.9,3.2,.286,3.6,7.6,.477,.463,1.8,2.6,.698,1.8,2.4,4.2,1.5,0.3,0.5,1.4,2.3,11.9
Lindell Wigginton,PG,25,MIL,3,0,2.7,0.7,1.7,.400,0.0,0.7,.000,0.7,1.0,.667,.400,0.7,0.7,1.000,0.0,0.0,0.0,0.0,0.0,0.0,0.3,0.3,2.0
Brandon Williams,PG,24,DAL,6,0,5.8,1.2,2.2,.538,0.3,0.7,.500,0.8,1.5,.556,.615,0.3,1.0,.333,0.3,0.5,0.8,1.0,0.2,0.2,0.3,0.2,3.0
Grant Williams,PF,25,DAL,40,28,26.2,2.8,6.8,.411,1.7,4.6,.364,1.1,2.2,.512,.535,0.8,1.1,.705,1.0,2.5,3.5,1.7,0.5,0.6,1.0,2.9,8.0
Jalen Williams,PF,22,OKC,41,41,32.0,7.3,13.4,.543,1.4,3.1,.444,5.9,10.3,.572,.594,2.8,3.4,.826,0.6,3.6,4.1,4.5,1.1,0.5,1.8,2.7,18.7
Jaylin Williams,C,21,OKC,36,0,11.6,1.3,3.1,.402,0.8,2.0,.370,0.5,1.1,.462,.522,0.4,0.4,.875,0.4,2.6,3.0,1.3,0.4,0.3,0.4,1.5,3.6
Jeenathan Williams,SG,24,HOU,7,0,7.9,1.4,3.3,.435,0.1,0.4,.333,1.3,2.9,.450,.457,0.6,0.7,.800,0.7,0.1,0.9,0.4,0.3,0.0,0.1,0.7,3.6
Kenrich Williams,PF,29,OKC,33,0,15.1,1.8,3.8,.472,0.8,2.0,.403,1.0,1.8,.550,.579,0.1,0.3,.300,0.7,2.2,2.9,1.4,0.6,0.2,0.4,1.5,4.5
Mark Williams,C,22,CHO,19,19,26.7,5.2,7.9,.649,0.0,0.0,,5.2,7.9,.649,.649,2.4,3.4,.719,4.0,5.7,9.7,1.2,0.8,1.1,0.9,2.6,12.7
Patrick Williams,PF,22,CHI,42,29,27.4,3.7,8.3,.449,1.4,3.4,.413,2.3,4.9,.473,.533,1.2,1.5,.781,1.1,2.7,3.8,1.5,1.0,0.7,1.3,2.0,10.1
Robert Williams,C,26,POR,6,0,19.8,2.8,4.3,.654,0.0,0.0,,2.8,4.3,.654,.654,1.2,1.5,.778,1.8,4.5,6.3,0.8,1.2,1.2,1.2,2.8,6.8
Vince Williams Jr.,SG,23,MEM,34,15,24.2,2.5,5.8,.429,1.5,3.9,.383,1.0,1.9,.524,.559,1.6,1.9,.831,1.3,4.1,5.4,2.1,0.8,0.6,1.1,2.4,8.0
Ziaire Williams,SF,22,MEM,42,9,18.7,2.6,7.0,.380,1.1,3.5,.313,1.5,3.5,.448,.459,1.2,1.4,.831,0.7,2.7,3.4,1.3,0.6,0.2,1.2,1.7,7.5
Zion Williamson,PF,23,NOP,36,36,30.3,8.7,14.8,.589,0.1,0.3,.400,8.6,14.5,.593,.593,4.4,6.7,.654,1.8,3.8,5.6,4.8,0.9,0.4,2.5,2.6,21.9
Jalen Wilson,PF,23,BRK,11,0,9.5,1.5,2.9,.500,0.2,0.7,.250,1.3,2.2,.583,.531,1.4,1.4,1.000,1.4,0.8,2.2,0.8,0.3,0.1,0.3,0.8,4.5
Dylan Windler,SF,27,TOT,4,0,3.0,0.5,0.8,.667,0.5,0.8,.667,0.0,0.0,,1.000,0.0,0.0,,0.0,0.3,0.3,0.5,0.0,0.0,0.0,0.5,1.5
Dylan Windler,SF,27,NYK,3,0,2.3,0.3,0.7,.500,0.3,0.7,.500,0.0,0.0,,.750,0.0,0.0,,0.0,0.3,0.3,0.3,0.0,0.0,0.0,0.3,1.0
Dylan Windler,SF,27,LAL,1,0,5.0,1.0,1.0,1.000,1.0,1.0,1.000,0.0,0.0,,1.500,0.0,0.0,,0.0,0.0,0.0,1.0,0.0,0.0,0.0,1.0,3.0
James Wiseman,C,22,DET,29,0,14.6,2.7,3.9,.675,0.0,0.1,.000,2.7,3.9,.688,.675,0.7,1.2,.618,1.4,2.7,4.1,0.6,0.1,0.7,0.9,2.0,6.0
Christian Wood,PF,28,LAL,39,1,18.6,2.6,5.4,.476,0.8,2.4,.326,1.8,3.0,.598,.550,1.4,2.0,.679,0.8,4.8,5.6,1.1,0.3,0.8,1.2,1.5,7.3
Delon Wright,PG,31,WAS,22,0,16.7,1.7,4.5,.374,0.5,1.4,.367,1.2,3.1,.377,.429,1.0,1.2,.815,0.5,1.7,2.1,3.1,1.4,0.3,0.5,0.9,4.9
Thaddeus Young,PF,35,TOR,16,3,12.4,1.8,3.3,.528,0.1,0.3,.250,1.7,3.1,.551,.538,0.3,0.4,.571,0.9,1.6,2.5,2.0,0.9,0.1,0.4,1.4,3.8
Trae Young,PG,25,ATL,39,39,36.3,8.3,19.7,.422,3.3,9.0,.364,5.0,10.6,.472,.506,7.0,8.2,.858,0.5,2.5,3.0,10.8,1.4,0.2,4.3,2.0,26.9
Omer Yurtseven,C,25,UTA,24,6,10.7,1.6,3.2,.500,0.1,0.6,.200,1.5,2.5,.574,.520,0.3,0.4,.600,1.5,2.8,4.3,0.5,0.2,0.4,0.9,1.4,3.5
Cody Zeller,C,31,NOP,31,0,8.5,0.6,1.6,.400,0.0,0.1,.333,0.6,1.5,.404,.410,0.6,1.1,.606,1.2,1.6,2.8,1.1,0.2,0.1,0.4,1.2,2.0
Ivica Zubac,C,26,LAC,38,38,27.1,5.3,8.1,.655,0.0,0.0,,5.3,8.1,.655,.655,1.8,2.8,.648,3.3,6.5,9.7,1.3,0.2,1.4,1.1,2.9,12.4
